SMILES,Label,ref,chemberta_prob
CC(Cc1ccc(c(c1)O)O)(C(=O)O)N,1,NCTR,0.561151385307312
Cc1c(c2ccc(cc2n1CC(=O)O)OC)C(=O)c3ccc(cc3)Cl,1,NCTR,0.7737019658088684
CN1C(S(=O)(=O)CCC1=O)c2ccc(cc2)Cl,1,NCTR,0.7585002183914185
CC(=O)OC1C(Sc2ccccc2N(C1=O)CCN(C)C)c3ccc(cc3)OC,1,NCTR,0.5745845437049866
c1nc2c(n1C3CC(C(O3)CO)O)NC=NCC2O,1,NCTR,0.5306570529937744
CC(=O)N1CCN(CC1)c2ccc(cc2)OCC3COC(O3)(Cn4ccnc4)c5ccc(cc5Cl)Cl,1,NCTR,0.6210611462593079
c1nc(c2c(n1)n(cn2)CCOCP(=O)(O)O)N,1,NCTR,0.6275591254234314
CC12CCC3C(C1CCC2=O)CC(=C)C4=CC(=O)C=CC34C,1,NCTR,0.3647603690624237
CC(c1cc2ccccc2s1)N(C(=O)N)O,1,NCTR,0.8061662316322327
Cc1cn(c(=O)[nH]c1=O)C2C=CC(O2)CO,1,NCTR,0.8926945924758911
c1(c(nc(c(n1)Cl)N)N)C(=O)N=C(N)N,1,NCTR,0.6448203921318054
c1cc(c(c(c1)C(=O)c2ccc(cc2)Br)N)CC(=O)O,1,NCTR,0.7940650582313538
c1nc2c(nc(nc2n1C3CC(C=C3)CO)N)NC4CC4,1,NCTR,0.5820000171661377
Cc1cc(c(c2c1cccn2)O)Br,1,NCTR,0.6474716663360596
Cc1nc(cn1c2ccc(cc2)[N+](=O)[O-])[N+](=O)[O-],1,NCTR,0.7976585626602173
Cc1cc2c(cc1C(=C)c3ccc(cc3)C(=O)O)C(CCC2(C)C)(C)C,1,NCTR,0.48148196935653687
B(C(CC(C)C)NC(=O)C(Cc1ccccc1)NC(=O)c2cnccn2)(O)O,1,NCTR,0.35969552397727966
CC1=C2C(C(=O)C3(C(CC4C(C3C(C(C2(C)C)(CC1OC(=O)C(C(c5ccccc5)NC(=O)OC(C)(C)C)O)O)OC(=O)c6ccccc6)(CO4)OC(=O)C)O)C)O,1,NCTR,0.5795215964317322
CC1COc2c3n1cc(c(=O)c3cc(c2N4CCN(CC4)C)F)C(=O)O,1,NCTR,0.7302751541137695
Cc1ccc(c(c1)CC(=O)O)Nc2c(cccc2Cl)F,1,NCTR,0.7602304816246033
COc1c2c(cc(c1N3CC4CCCNC4C3)F)c(=O)c(cn2C5CC5)C(=O)O,1,NCTR,0.7321892976760864
Cc1cn(c(=O)[nH]c1=O)C2CC(C(O2)CO)N=[N+]=[N-],1,NCTR,0.7769385576248169
c1cc2c(cc1Cl)[nH]c(=O)o2,1,NCTR,0.8030604720115662
c1cc(c(c(c1C(=O)c2cc(c(c(c2)O)O)O)O)O)O,1,NCTR,0.6373509764671326
CC(=O)NC1C(C(C(OC1O)CO)OS(=O)(=O)[O-])OC2C(C(C(C(O2)C(=O)[O-])O)O)O,1,NCTR,0.4495238661766052
CC12CCC3C(C1CCC2(C)O)CCC4C3(CC(=CO)C(=O)C4)C,1,NCTR,0.43980851769447327
CC12CCC3C(C1CCC2O)CCC4=CC(=O)CCC34,1,NCTR,0.2987856864929199
c1cc(sc1)C(=O)c2ccc(c(c2Cl)Cl)OCC(=O)O,1,NCTR,0.8218079805374146
c1ccc(c(c1)CC(=O)O)Nc2c(cccc2Cl)Cl,1,NCTR,0.6905810832977295
CCC1C(C(C(C(=O)C(CC(C(C(C(C(C(=O)O1)C)OC2CC(C(C(O2)C)O)(C)OC)C)OC3C(C(CC(O3)C)N(C)C)O)(C)O)C)C)O)(C)O,1,NCTR,0.40176069736480713
CC(c1ccc(c(c1)Cl)N2CC=CC2)C(=O)O,1,NCTR,0.5615251064300537
CC(C)Cc1ccc(cc1)CC(=O)O,1,NCTR,0.3976382315158844
c1ccc2c(c1)CCc3ccccc3C2[NH2+]CCCCCCC(=O)O.[Cl-],1,NCTR,0.5919836759567261
CC(Cc1ccc(c(c1)O)O)(C(=O)O)NN,1,NCTR,0.4629901945590973
C=CCOc1ccc(cc1Cl)CC(=O)O,1,NCTR,0.6781407594680786
CN(C)CCCC1c2ccccc2Nc3c1cc(cc3)Cl,1,NCTR,0.4843423068523407
c1cn(c(=O)nc1N)C2CCC(O2)CO,1,NCTR,0.784294068813324
c1ccc(cc1)C2C(=O)N=C(O2)N,1,NCTR,0.8186237812042236
CN(C)CCCN1c2ccccc2CCc3c1cc(cc3)Cl,1,NCTR,0.4610254466533661
CN(C(=O)NC1C(C(C(OC1O)CO)O)O)N=O,1,NCTR,0.41408634185791016
c1cc(ccc1c2nc(cs2)CC(=O)O)Cl,1,NCTR,0.815321147441864
CC(=O)N1c2ccccc2C(C1=O)(c3ccc(cc3)OC(=O)C)c4ccc(cc4)OC(=O)C,1,NCTR,0.685588002204895
CC12CCC3C(C1CCC2(C#C)O)CCC4=Cc5c(cno5)CC34C,1,NCTR,0.3588237762451172
CCOC1C(CC(=O)O1)NC(=O)C2CCCN3N2C(=O)C(CCC3=O)NC(=O)c4c5ccccc5ccn4,1,NCTR,0.7513508796691895
CCc1c(c2ccccc2o1)C(=O)c3cc(c(c(c3)Br)O)Br,1,NCTR,0.8626693487167358
c1ccc(cc1)Cn2c3ccccc3c(n2)OCC(=O)O,1,NCTR,0.8507351875305176
CCCCc1c(c2ccccc2o1)C(=O)c3cc(c(c(c3)I)OCCN(CC)CC)I,1,NCTR,0.5360295176506042
c1cn(c(=O)nc1N)C2C(C(C(O2)CO)O)O,1,NCTR,0.5626072883605957
CCN(CC)CCNC(=O)c1c(c([nH]c1C)C=C2c3cc(ccc3NC2=O)F)C,1,NCTR,0.6247013807296753
CN(C)NN=C1C(=NC=N1)C(=O)N,1,NCTR,0.4916253089904785
c1cc(oc1C=NN2CC(=O)NC2=O)[N+](=O)[O-],1,NCTR,0.6678429245948792
c1ccnc(c1)NS(=O)(=O)c2ccc(cc2)NN=C3C=CC(=O)C(=C3)C(=O)O,1,NCTR,0.8614161014556885
CCc1c(c2ccccc2o1)C(=O)c3cc(c(c(c3)I)O)I,1,NCTR,0.7768121361732483
CCOC(=O)C(CCc1ccccc1)NC2CCc3ccccc3N(C2=O)CC(=O)O,1,NCTR,0.5720244646072388
CC(C)(C)NC(=O)C1CN(CCN1CC(CC(Cc2ccccc2)C(=O)NC3c4ccccc4CC3O)O)Cc5cccnc5,1,NCTR,0.1982080191373825
Cc1c(c2c3c4c1OC(C4=O)(OC=CC(C(C(C(C(C(C(C(C=CC=C(C(=O)NC(=C2O)C(=CNN5CCN(CC5)C)C3=O)C)C)O)C)O)C)OC(=O)C)C)OC)C)O,1,NCTR,0.6089345216751099
CCC1C2(C(C(C(=O)C(CC(C(C(C(=O)C(C(=O)O1)C)C)OC3C(C(CC(O3)C)N(C)C)O)(C)OC)C)C)N(C(=O)O2)CCCCn4cc(nc4)c5cccnc5)C,1,NCTR,0.5080114006996155
CON=C(c1ccc(cc1)c2ccc(o2)c3ccc(cc3)C(=NOC)N)N,1,NCTR,0.8343287110328674
CC(c1ccccc1)NN,1,NCTR,0.5126412510871887
CN1CCCC(C1)CN2c3ccccc3Sc4c2cccc4,1,NCTR,0.37822631001472473
Cc1ccc(cc1)C(=O)c2ccc(n2C)CC(=O)O,1,NCTR,0.6285368800163269
CN1CCC(CC1)Nc2ncc3c(n2)c(ncn3)Nc4ccc(c(c4)Cl)F,1,NCTR,0.6888743042945862
C1CCC(C(C1)N)N.C(=O)(C(=O)[O-])[O-].[Pt+2],1,NCTR,0.6320923566818237
Cc1ccc(cc1C)n2c(=O)c(c([nH]2)C)NN=C3C=CC=C(C3=O)c4cccc(c4)C(=O)O.C(CO)N.C(CO)N,1,NCTR,0.7569688558578491
Cc1ccc(cc1S(=O)(=O)N)Nc2nccc(n2)N(C)c3ccc4c(n(nc4c3)C)C,1,NCTR,0.8439592719078064
Cc1c(c2c(c(c1O)C)CCC(O2)(C)COc3ccc(cc3)CC4C(=O)NC(=O)S4)C,1,NCTR,0.6496174931526184
c1ccc2c(c1)c(c3c(n2)CCCC3)N,1,NCTR,0.6390418410301208
c1ccc2c(c1)N(c3cc(ccc3S2)Cl)CCCN4CCC(CC4)C(=O)N,1,NCTR,0.7520702481269836
CC(=O)Nc1ccc(cc1)O,1,NCTR,0.5953357219696045
Cc1ccc(cc1Nc2nccc(n2)c3cccnc3)NC(=O)c4ccc(cc4)CN5CCN(CC5)C,1,NCTR,0.7159727811813354
Cc1cc(nc(n1)OC(C(=O)O)C(c2ccccc2)(c3ccccc3)OC)C,1,NCTR,0.6643933653831482
CS(=O)(=O)CCNCc1ccc(o1)c2ccc3c(c2)c(ncn3)Nc4ccc(c(c4)Cl)OCc5cccc(c5)F,1,NCTR,0.7735192775726318
CCOC(C(=O)c1ccc(cc1)c2ccccc2)Nc3ccc(cc3)C(=O)O,1,NCTR,0.8470239043235779
CCc1c(c2ccccc2o1)C(=O)c3ccc(cc3)O,1,NCTR,0.8672922849655151
CC(C)c1nc(cs1)CN(C)C(=O)NC(C(C)C)C(=O)NC(Cc2ccccc2)CC(C(Cc3ccccc3)NC(=O)OCc4cncs4)O,1,NCTR,0.6438987255096436
c1cc(ccc1N)S(=O)(=O)NC(=O)N,1,NCTR,0.7588562369346619
CC1C(C(C(C(O1)OC2C(OC(C(C2O)O)OC3C(OC(C(C3O)O)O)CO)CO)O)O)NC4C=C(C(C(C4O)O)O)CO,1,NCTR,0.5423200130462646
CCC1(CCC(=O)NC1=O)c2ccc(cc2)N,1,NCTR,0.8364063501358032
Cc1cc(no1)NS(=O)(=O)c2ccc(cc2)N,1,NCTR,0.7881484627723694
Cc1ccc(c2c1oc-3c(c(=O)c(c(c3n2)C(=O)NC4C(OC(=O)C(N(C(=O)CN(C(=O)C5CCCN5C(=O)C(NC4=O)C(C)C)C)C)C(C)C)C)N)C)C(=O)NC6C(OC(=O)C(N(C(=O)CN(C(=O)C7CCCN7C(=O)C(NC6=O)C(C)C)C)C)C(C)C)C,1,NCTR,0.7621800899505615
c1ccc(cc1)c2cc(c3ccccc3n2)C(=O)O,1,NCTR,0.8361618518829346
CCCc1cc(=O)[nH]c(=S)[nH]1,1,NCTR,0.7757844924926758
c1[nH]c2c(n1)[nH]cnc2=S,1,NCTR,0.7762134075164795
CCC(=C(c1ccccc1)c2ccc(cc2)OCCN(C)C)c3ccccc3,1,NCTR,0.535768985748291
CCCCN1C(=O)C(NC(=O)C12CCN(CC2)Cc3ccc(cc3)Oc4ccc(cc4)C(=O)O)C(C5CCCCC5)O,1,NCTR,0.4710526168346405
CN(C)Cc1ccc(o1)CSCCNC(=C[N+](=O)[O-])NCc2ccc3c(c2)OCO3,1,NCTR,0.7761672735214233
CCCCCCCCCCCC(CC1C(C(=O)O1)CCCCCC)OC(=O)C(CC(C)C)NC=O,1,NCTR,0.31146305799484253
CC(C(=O)OC(C)(C)Cc1ccc(cc1)Cl)N,1,NCTR,0.6359391212463379
CC(c1ccc2c(c1)nc(o2)c3ccc(cc3)Cl)C(=O)O,1,NCTR,0.7975422739982605
Cc1ccccc1S(=O)(=O)NC(=O)c2ccc(c(c2)OC)Cc3cn(c4c3cc(cc4)NC(=O)OC5CCCC5)C,1,NCTR,0.7292518019676208
CC1C(C(CC(O1)OC2CC(Cc3c2c(c4c(c3O)C(=O)c5cccc(c5C4=O)OC)O)(C(=O)CO)O)N)O,1,NCTR,0.4848126769065857
CS(=O)(=O)Nc1ccc(cc1Oc2ccccc2)[N+](=O)[O-],1,NCTR,0.6715895533561707
Cc1nnc(n1C2CC3CCC(C2)N3CCC(c4ccccc4)NC(=O)C5CCC(CC5)(F)F)C(C)C,1,NCTR,0.6131282448768616
Cn1cc[nH]c1=S,1,NCTR,0.6788951754570007
CCc1cccc2c1[nH]c3c2CCOC3(CC)CC(=O)O,1,NCTR,0.5472599267959595
CC(c1cccc(c1)Oc2ccccc2)C(=O)O,1,NCTR,0.841920018196106
CN1CCN(CC1)CCC=C2c3ccccc3Sc4c2cc(cc4)S(=O)(=O)N(C)C,1,NCTR,0.722486674785614
CC(C)C(=O)Nc1ccc(c(c1)C(F)(F)F)[N+](=O)[O-],1,NCTR,0.5983864068984985
CC(Cn1cnc2c1ncnc2N)OCP(=O)(O)O,1,NCTR,0.5287122130393982
c1ccc(c(c1)C(=O)OCC(CO)O)Nc2ccnc3c2ccc(c3)Cl,1,NCTR,0.7258909940719604
CC1(C(=O)N(C(=O)N1)c2ccc(c(c2)C(F)(F)F)[N+](=O)[O-])C,1,NCTR,0.7272899746894836
CC(C)CN(CC(C(Cc1ccccc1)NC(=O)OC2COC3C2CCO3)O)S(=O)(=O)c4ccc(cc4)N,1,NCTR,0.5646979808807373
Cc1cc(c(cc1OC(=O)C)C(C)C)OCCN(C)C,1,NCTR,0.3791300654411316
Cc1cn(c(=O)[nH]c1=O)C2CC(C(O2)CO)O,1,NCTR,0.7583731412887573
C=C1C(CC(C1CO)O)n2cnc3c2[nH]c(nc3=O)N,1,NCTR,0.8345946669578552
c1cc(c(cc1F)F)C(Cn2cncn2)(Cn3cncn3)O,1,NCTR,0.42361733317375183
CC(C)NNC(=O)c1ccncc1,1,NCTR,0.47581911087036133
c1cc(ccc1C#N)C(c2ccc(cc2)C#N)n3cncn3,1,NCTR,0.7264516353607178
c1cc(ccc1OCC(=O)N2CCN(CC2)Cc3ccc4c(c3)OCO4)Cl,1,NCTR,0.5675103664398193
CN(Cc1cnc2c(n1)c(nc(n2)N)N)c3ccc(cc3)C(=O)NC(CCC(=O)O)C(=O)O,1,NCTR,0.7921366095542908
c1cc(c(cc1c2ccc(cc2F)F)C(=O)O)O,1,NCTR,0.6828292012214661
CCCCOCC(CN1C(=O)C(C(=O)NC1=O)(CC)c2ccccc2)OC(=O)N.CCCCOCC(CN1C(=O)C(C(=O)N(C1=O)CC(COCCCC)OC(=O)N)(CC)c2ccccc2)OC(=O)N.CCC1(C(=O)NC(=O)NC1=O)c2ccccc2,1,NCTR,0.688814103603363
C1CCN(CC1)c2c3c(c(nc(n3)N(CCO)CCO)N4CCCCC4)nc(n2)N(CCO)CCO,1,NCTR,0.5856316685676575
Cc1ccc(cc1)C(=O)c2cc(c(c(c2)O)O)[N+](=O)[O-],1,NCTR,0.7827562689781189
Cc1cc(no1)C(=O)NNCc2ccccc2,1,NCTR,0.7028971314430237
c1cc(cnc1)C(=O)O,1,NCTR,0.8266568779945374
CCOC(=O)CNC(C1CCCCC1)C(=O)N2CCC2C(=O)NCc3ccc(cc3)C(=NO)N,1,NCTR,0.6739557385444641
CC(=O)Nc1nnc(s1)S(=O)(=O)N,1,NCTR,0.6383139491081238
Cc1cc(c(c(c1C=CC(=CC=CC(=CC(=O)O)C)C)C)C)OC,1,NCTR,0.4856206178665161
c1cc(ccc1C(=O)O)N2C(=C3C=CC=CC3=O)NC(=C4C=CC=CC4=O)N2,1,NCTR,0.8237022161483765
Cc1c(cno1)C(=O)Nc2ccc(cc2)C(F)(F)F,1,NCTR,0.7611506581306458
c1cc(c2c3c1CC4C5(C3(CCN4CC6CC6)C(O2)C(=O)CC5)O)O,1,NCTR,0.23372423648834229
CC(C)C(CCCN(C)CCc1ccc(c(c1)OC)OC)(C#N)c2ccc(c(c2)OC)OC,1,NCTR,0.5373057723045349
c1ccc2c(c1)C=Cc3ccccc3N2C(=O)N,1,NCTR,0.8630611896514893
CC(CCc1ccccc1)NCC(c2ccc(c(c2)C(=O)N)O)O,1,NCTR,0.49864256381988525
CC(c1cccc(c1)C(=O)c2ccccc2)C(=O)O,1,NCTR,0.8601234555244446
CCc1nn(c(=O)n1CCOc2ccccc2)CCCN3CCN(CC3)c4cccc(c4)Cl,1,NCTR,0.6050033569335938
Cc1ccc(cc1)c2cc(nn2c3ccc(cc3)S(=O)(=O)N)C(F)(F)F,1,NCTR,0.7597936391830444
Cc1ccnc2c1NC(=O)c3cccnc3N2C4CC4,1,NCTR,0.5651187300682068
c1cnccc1C(=O)NN,1,NCTR,0.47628459334373474
c1c2c(cc(c1F)N3CCNCC3)n(cc(c2=O)C(=O)O)C4CC4,1,NCTR,0.8308440446853638
CC(=O)Oc1ccc(cc1)C(=C2CCCCC2)c3ccc(cc3)OC(=O)C,1,NCTR,0.5754647850990295
c1cc(ccc1c2ccc(o2)C=NN3CC(=O)NC3=O)[N+](=O)[O-],1,NCTR,0.8052023649215698
CC(C)(C)c1ccc(cc1)S(=O)(=O)Nc2c(c(nc(n2)c3ncccn3)OCCO)Oc4ccccc4OC,1,NCTR,0.8027588129043579
CCn1cc(c(=O)c2c1cc(c(c2)F)N3CCNCC3)C(=O)O,1,NCTR,0.7978656888008118
CN(CCOc1ccc(cc1)CC2C(=O)NC(=O)S2)c3ccccn3,1,NCTR,0.7563163042068481
c1ccc(cc1)CNC(=O)CCNNC(=O)c2ccncc2,1,NCTR,0.6296553015708923
CC1=C(c2cc(ccc2C1=Cc3ccc(cc3)S(=O)C)F)CC(=O)O,1,NCTR,0.7847385406494141
CCCCCCCCNC(C)C(c1ccc(cc1)SC(C)C)O,1,NCTR,0.2238049954175949
CNCCC(c1cccs1)Oc2cccc3c2cccc3,1,NCTR,0.378933310508728
CC(C)(C)C#CC=CCN(C)Cc1cccc2c1cccc2,1,NCTR,0.29097995162010193
c1ccc(c(c1)CN2CCc3c(ccs3)C2)Cl,1,NCTR,0.6807246208190918
c1cn(c(=O)nc1N)C2CSC(O2)CO,1,NCTR,0.8667166233062744
CC(C)c1c(c(c(n1CCC(CC(CC(=O)O)O)O)c2ccc(cc2)F)c3ccccc3)C(=O)Nc4ccccc4,1,NCTR,0.5854528546333313
c1ccc2c(c1)c(no2)CS(=O)(=O)N,1,NCTR,0.8591778874397278
Cc1c2c(nc(n1)C)N(C(=O)CC2)Cc3ccc(cc3)c4ccccc4c5n[nH]nn5,1,NCTR,0.7712919116020203
CC(CS(=O)(=O)c1ccc(cc1)F)(C(=O)Nc2ccc(c(c2)C(F)(F)F)C#N)O,1,NCTR,0.7328873872756958
CCC(C)n1c(=O)n(cn1)c2ccc(cc2)N3CCN(CC3)c4ccc(cc4)OCC5COC(O5)(Cn6cncn6)c7ccc(cc7Cl)Cl,1,NCTR,0.5580820441246033
CC12CCC3C(C1CCC2(C)O)CCC4C3(COC(=O)C4)C,1,NCTR,0.36150386929512024
CCCN(CCC)C(=O)Cc1c(nc2n1cc(cc2)Cl)c3ccc(cc3)Cl,1,NCTR,0.617088794708252
Cc1ccccc1OC(CCNC)c2ccccc2,1,NCTR,0.34201779961586
CN(CC(=O)O)C(=S)c1cccc2c1ccc(c2C(F)(F)F)OC,1,NCTR,0.5440934300422668
c1[nH]c2c(c(=O)n1)ncn2C3CCC(O3)CO,1,NCTR,0.6028209328651428
c1c(c(=O)[nH]c(=O)n1C2C(C(C(O2)CO)O)F)I,1,NCTR,0.7711440324783325
c1cc(ccc1N)S(=O)(=O)Nc2nccs2,1,NCTR,0.7822461128234863
c1c(c(nc(=O)n1C2CSC(O2)CO)N)F,1,NCTR,0.7156356573104858
c1ccc(cc1)C(COC(=O)N)COC(=O)N,1,NCTR,0.5724239349365234
CC(COc1ccccc1)NN,1,NCTR,0.41466593742370605
COc1ccc(cc1OC)Cc2c3cc(c(cc3ccn2)OC)OC,1,NCTR,0.7366584539413452
CN1Cc2c(cccc2N)C(C1)c3ccccc3,1,NCTR,0.37821462750434875
CCCCCOC(=O)Nc1c(cn(c(=O)n1)C2C(C(C(O2)C)O)O)F,1,NCTR,0.5130408406257629
CC(C)Nc1ncccn1,1,NCTR,0.5559187531471252
c1cc(ccc1S(=O)(=O)NC=NCCSCc2csc(n2)N=C(N)N)Br,1,NCTR,0.8452423214912415
CN1c2c(oc(=O)n(c2=O)c3ccccn3)-c4ccccc4S1(=O)=O,1,NCTR,0.898593544960022
CCCC1(CC(=O)C(=C(O1)O)C(CC)c2cccc(c2)NS(=O)(=O)c3ccc(cn3)C(F)(F)F)CCc4ccccc4,1,NCTR,0.749704122543335
CNCCC=C1c2ccccc2CCc3c1cccc3,1,NCTR,0.5666054487228394
c1cc2c(cc1Cl)C(OC(=O)N2)(C#CC3CC3)C(F)(F)F,1,NCTR,0.6128898859024048
c1cc2c(cc1OC(F)(F)F)sc(n2)N,1,NCTR,0.7810035347938538
c1cc(c(cc1F)F)n2cc(c(=O)c3c2nc(c(c3)F)N4CC5C(C4)C5N)C(=O)O,1,NCTR,0.8248973488807678
c1ccc(c(c1)C(c2ccc(cc2)Cl)C(Cl)Cl)Cl,0,NCTR,0.7149314880371094
c1c(n(c(=N)nc1N2CCCCC2)O)N,0,NCTR,0.6431005001068115
c1cc(ccc1c2c(c3ccc(cc3s2)O)C(=O)c4ccc(cc4)OCCN5CCCCC5)O,0,NCTR,0.745846688747406
CCn1cc(c(=O)c2c1nc(cc2)C)C(=O)O,0,NCTR,0.8494166731834412
CC(C)(Cc1ccccc1)N,0,NCTR,0.3776085078716278
CCCCNc1ccc(cc1)C(=O)OCCN(C)C,0,NCTR,0.46885910630226135
CCc1c(c(nc(n1)N)N)c2ccc(cc2)Cl,0,NCTR,0.8666857481002808
COc1cc2c(cc1OC)nc(nc2N)N3CCN(CC3)C(=O)C4CCCO4,0,NCTR,0.7474169731140137
C[n+]1cccc(c1)OC(=O)N(C)C,0,NCTR,0.2880130112171173
c1ccc(c(c1)C(=O)N)O,0,NCTR,0.8515374660491943
c1ccc(cc1)C(CCN2CCCC2)(C3CCCCC3)O,0,NCTR,0.19477680325508118
CCC1(C(=O)NCNC1=O)c2ccccc2,0,NCTR,0.8079452514648438
c1cc(ccc1C(C(CO)NC(=O)C(Cl)Cl)O)[N+](=O)[O-],0,NCTR,0.5544189810752869
CCc1c([nH]c2c1C(=O)C(CC2)CN3CCOCC3)C,0,NCTR,0.49597758054733276
Cc1ccc(cc1)N(CC2=NCCN2)c3cccc(c3)O,0,NCTR,0.6535282731056213
CN1CCCN=C1C=Cc2cccs2,0,NCTR,0.563434362411499
c1cc(ccc1C(=O)NC(CCC(=O)O)C(=O)O)NCC2CNc3c(c(=O)nc([nH]3)N)N2C=O,0,NCTR,0.6958794593811035
CC12CCC3C(C1CCC2C(=O)NC(C)(C)C)CCC4C3(C=CC(=O)N4)C,0,NCTR,0.3788512647151947
CCCCCCCN(CC)CCCC(c1ccc(cc1)NS(=O)(=O)C)O,0,NCTR,0.3853175640106201
CC(C)C(C(=O)OCC(CO)OCn1cnc2c1[nH]c(nc2=O)N)N,0,NCTR,0.637624979019165
CN(CCc1ccc(cc1)NS(=O)(=O)C)CCOc2ccc(cc2)NS(=O)(=O)C,0,NCTR,0.6152088046073914
Cc1c(c(=O)n2c(n1)C(CCC2)O)CCN3CCC(CC3)c4c5ccc(cc5on4)F,0,NCTR,0.654590904712677
CCOc1ccccc1OCCNC(C)Cc2ccc(c(c2)S(=O)(=O)N)OC,0,NCTR,0.6476748585700989
CCCCCC(C=CC1C(CC(=O)C1CCCCCCC(=O)O)O)O,0,NCTR,0.25955843925476074
Cn1c(c-2nc(nc2n(c1=O)C)Cl)[O-].C[NH+](C)CCOC(c1ccccc1)c2ccccc2,0,NCTR,0.5955688953399658
COc1c2c(nc(n1)N)n(cn2)C3C(C(C(O3)CO)O)O,0,NCTR,0.8228760361671448
CC(CCc1ccc(cc1)O)NCCc2ccc(c(c2)O)O,0,NCTR,0.4644419550895691
CC(C)C(C)C=CC(C)C1CCC2C1(CCCC2=CC=C3CC(CCC3=C)O)C,0,NCTR,0.20382460951805115
CCN(CC)C(=O)C(=Cc1cc(c(c(c1)O)O)[N+](=O)[O-])C#N,0,NCTR,0.6625669598579407
Cc1ccc(cc1)C(=CCN2CCCC2)c3ccccn3,0,NCTR,0.4249928891658783
CN1CCC23c4c5ccc(c4OC2C(C=CC3C1C5)O)OC,0,NCTR,0.21650893986225128
CN1CCC23c4c5ccc(c4OC2C(=O)CCC3C1C5)OC,0,NCTR,0.4421813488006592
CN1CCC23c4c5ccc(c4OC2C(=O)CCC3(C1C5)O)OC,0,NCTR,0.33834660053253174
CC(C)CC(CC(=O)O)CN,0,NCTR,0.17325608432292938
c1cc(ccc1NC(=NC(=NCCCCCCN=C(N)N=C(N)Nc2ccc(cc2)Cl)N)N)Cl,0,NCTR,0.7350798845291138
C[N+]1(C2CCC1CC(C2)OC(=O)C(c3ccccc3)O)C.[Br-],0,NCTR,0.2670930027961731
CCCCC(CC)COC(=O)CC(C(=O)OCC(CC)CCCC)S(=O)(=O)[O-].[Na+],0,NCTR,0.35983985662460327
C[N+]1(CCc2cc(c(cc2C1Cc3ccc(c(c3)OC)OC)OC)OC)CCC(=O)OCCCCCOC(=O)CC[N+]4(CCc5cc(c(cc5C4Cc6ccc(c(c6)OC)OC)OC)OC)C,0,NCTR,0.4711362421512604
c1nc2c(nc(nc2n1C3C(C(C(O3)COP(=O)(O)O)O)O)F)N,0,NCTR,0.4186004102230072
CC12CC(=O)C3C(C1CCC2(C(=O)CO)O)CCC4=CC(=O)C=CC34C,0,NCTR,0.5289657115936279
C[N+](C)(C)CC(CC(=O)[O-])O,0,NCTR,0.1669827103614807
c1cc(ccc1C(=O)NC(CCC(=O)O)C(=O)O)NCc2cnc3c(n2)c(=O)nc([nH]3)N,0,NCTR,0.7643200159072876
CSCCC(C(=O)O)N,0,NCTR,0.6905026435852051
CC(C)CCCC(C)C1CCC2C1(CCCC2=CC=C3CC(CCC3=C)O)C,0,NCTR,0.20680099725723267
Cc1cc2c(cc1C)n(c-3nc(=O)[nH]c(=O)c3n2)CC(C(C(CO)O)O)O,0,NCTR,0.44952207803726196
CC1(C(N2C(S1)C(C2=O)NC(=O)COc3ccccc3)C(=O)O)C,0,NCTR,0.6830147504806519
CCCCNc1ccc(cc1)C(=O)OCCOCCOCCOCCOCCOCCOCCOCCOCCOC,0,NCTR,0.6186414957046509
CC1(C(=O)N2C(C(=O)N3CCCC3C2(O1)O)Cc4ccccc4)NC(=O)C5CN(C6Cc7c[nH]c8c7c(ccc8)C6=C5)C,0,NCTR,0.7811294794082642
Cn1c2c(c(=O)n(c1=O)C)[nH]cn2.Cn1c2c(c(=O)n(c1=O)C)[nH]cn2.C(CN)N,0,NCTR,0.7338119745254517
CCC(CO)NC(=O)C1CN(C2Cc3cn(c4c3c(ccc4)C2=C1)C)C,0,NCTR,0.5081191062927246
CC1(C(=O)N2C(C(=O)N3CCCC3C2(O1)O)Cc4ccccc4)NC(=O)C5CC6c7cccc8c7c(c[nH]8)CC6N(C5)C,0,NCTR,0.68430095911026
C(C1C(C(C(C(O1)OC2C(OC(C2O)(CO)O)CO)O)O)O)O,0,NCTR,0.19005218148231506
CC1C(C(CC(O1)OC2CC(Cc3c2c(c4c(c3O)C(=O)c5cccc(c5C4=O)OC)O)(C(=O)C)O)N)O,0,NCTR,0.654899001121521
CC(=O)NC(CS)C(=O)O,0,NCTR,0.4634479582309723
CCC12CCC3C(C1CCC2(C#C)O)CCC4=CC(=O)CCC34,0,NCTR,0.32311511039733887
CCOC(=O)C1(CCN(CC1)CCC(C#N)(c2ccccc2)c3ccccc3)c4ccccc4,0,NCTR,0.4712468385696411
Cc1c(c2c(c(c1O)C)CCC(O2)(C)CCCC(C)CCCC(C)CCCC(C)C)C,0,NCTR,0.4277442693710327
CC1CC(=O)C2(C(O1)OC3C(C(C(C(C3O2)NC)O)NC)O)O,0,NCTR,0.5268939733505249
CC1C(C(C(O1)OC2C(C(C(C(C2O)O)N=C(N)N)O)N=C(N)N)OC3C(C(C(C(O3)CO)O)O)NC)(C=O)O,0,NCTR,0.6385453343391418
c1cc(c(cc1Cl)Cl)COC(Cn2ccnc2)c3ccc(cc3Cl)Cl,0,NCTR,0.44488948583602905
C[Si](C)(C)O[Si](C)(C)O[Si](C)(C)C,0,NCTR,0.3109111487865448
CC(Cc1ccccc1)N(C)CC#C,0,NCTR,0.32075443863868713
CC(c1ccccc1)(c2ccc(cc2)Cl)OCCC3CCCN3C,0,NCTR,0.5372012853622437
COc1ccc(c(c1)C(CNC(=O)CN)O)OC,0,NCTR,0.5603753328323364
CC1C=CC=CCCC=CC=CC=CC=CC(CC(C(C(CC(=O)CC(C(CCC(CC(CC(CC(=O)OC(C(C1O)C)C)O)O)O)O)O)O)C(=O)O)O)OC2C(C(C(C(O2)C)O)N)O,0,NCTR,0.40525737404823303
Cc1ncc(n1CCO)[N+](=O)[O-],0,NCTR,0.6280998587608337
c1ccc(cc1)C(CCN2CCCCC2)(C3CCCCC3)O,0,NCTR,0.2991454601287842
CCN(CC)CC#CCOC(=O)C(c1ccccc1)(C2CCCCC2)O,0,NCTR,0.1667066514492035
c1ccc(cc1)N=Nc2ccc(nc2N)N,0,NCTR,0.8058685660362244
CC(COc1ccccc1)N(CCCl)Cc2ccccc2,0,NCTR,0.3035029172897339
CC1=C(C(=O)c2ccccc2C1=O)CC=C(C)CCCC(C)CCCC(C)CCCC(C)C,0,NCTR,0.6707069873809814
CC(CCCN)Nc1cc(cc2c1nccc2)OC,0,NCTR,0.700069010257721
CNCCCC1c2ccccc2C=Cc3c1cccc3,0,NCTR,0.6048426628112793
CN(C)CCN(Cc1ccc(cc1)OC)c2ccccn2,0,NCTR,0.4600358009338379
CN1C2CC(CC1C3C2O3)OC(=O)C(CO)c4ccccc4,0,NCTR,0.3275764584541321
[Na+].[Cl-],0,NCTR,0.39567604660987854
c1ccc(cc1)N2C(=O)C(C(=O)N2c3ccccc3)CCS(=O)c4ccccc4,0,NCTR,0.7553814053535461
Cn1c(=O)n2cnc(c2nn1)C(=O)N,0,NCTR,0.8741492629051208
CC1=C(C(=O)C2=C(C1=O)N3CC4C(C3(C2COC(=O)N)OC)N4)N,0,NCTR,0.813772976398468
CC1C(OCCN1C)c2ccccc2,0,NCTR,0.41277262568473816
CC12CCC(=O)C=C1CCC3C2C(CC4(C3CCC4(C(=O)CO)O)C)O,0,NCTR,0.7764628529548645
CNCC(c1ccc(c(c1)O)O)O,0,NCTR,0.416236937046051
CC(Cc1ccccc1)N,0,NCTR,0.5149539709091187
CC1(C(N2C(S1)C(C2=O)NC(=O)Cc3ccccc3)C(=O)O)C,0,NCTR,0.5953735113143921
c1cc(c(cc1Oc2c(cc(cc2I)CC(C(=O)O)N)I)I)O,0,NCTR,0.5432569980621338
C1C(C(C(C(C1N)OC2C(C(C(C(O2)CN)O)O)O)O)OC3C(C(C(C(O3)CO)O)N)O)N,0,NCTR,0.421358197927475
CC12CCC3C(C1CCC2(C#C)O)CCC4=CC(=O)CCC34,0,NCTR,0.38742122054100037
CN1CCN(CC1)C(c2ccccc2)c3ccccc3,0,NCTR,0.2998959422111511
CN1C2CCC1CC(C2)OC(c3ccccc3)c4ccccc4,0,NCTR,0.3089296221733093
CCC(CO)NC(=O)C1CN(C2Cc3c[nH]c4c3c(ccc4)C2=C1)C,0,NCTR,0.4077634811401367
CC(C(c1ccccc1)O)NC,0,NCTR,0.4220600724220276
CC1CC2C3CCC4=CC(=O)C=CC4(C3(C(CC2(C1(C(=O)CO)O)C)O)F)C,0,NCTR,0.26020804047584534
CC(Cc1ccccc1)NC,0,NCTR,0.48014935851097107
Cc1ncc2n1-c3ccc(cc3C(=NC2)c4ccccc4F)Cl,0,NCTR,0.8460515737533569
CC(C)(c1cccnc1)C(=O)c2cccnc2,0,NCTR,0.6281529068946838
CC(C)NCC(c1cc(cc(c1)O)O)O,0,NCTR,0.27209407091140747
CC(C)(CO)C(C(=O)NCCC(=O)O)O,0,NCTR,0.1932583898305893
Cc1c(c(c(cn1)CO)CO)O,0,NCTR,0.5947134494781494
Cc1c(sc[n+]1Cc2cnc(nc2N)C)CCO,0,NCTR,0.5131192803382874
C(CC(O)(P(=O)(O)O)P(=O)(O)O)CN,0,NCTR,0.2619188129901886
CC(=O)Nc1c(c(c(c(c1I)NC(=O)C)I)C(=O)O)I,0,NCTR,0.402593731880188
CC(=O)Oc1ccccc1C(=O)O,0,NCTR,0.7156780958175659
CCCCN1CCCCC1C(=O)Nc2c(cccc2C)C,0,NCTR,0.3988621234893799
CCN(CC)CCOCCOC(=O)C1(CCCC1)c2ccccc2,0,NCTR,0.26749730110168457
CN(C)CCOC(c1ccc(cc1)Cl)c2ccccn2,0,NCTR,0.2895154058933258
CN1CCN(CC1)C(c2ccccc2)c3ccc(cc3)Cl,0,NCTR,0.5392966866493225
c1cc2c(cc1OCCCCc3nnnn3C4CCCCC4)CCC(=O)N2,0,NCTR,0.6526129245758057
CN(C)CCOC(c1ccccc1)c2ccccc2,0,NCTR,0.3120405375957489
CC(c1ccccc1)(c2ccccn2)OCCN(C)C,0,NCTR,0.43220487236976624
c1ccc2c(c1)[nH]c(=O)n2C3=CCN(CC3)CCCC(=O)c4ccc(cc4)F,0,NCTR,0.7744466662406921
CC[N+](C)(C)c1cccc(c1)O,0,NCTR,0.22204619646072388
CC(C)(c1ccc(cc1)C(CCCN2CCC(CC2)C(c3ccccc3)(c4ccccc4)O)O)C(=O)O,0,NCTR,0.32358574867248535
Cc1c(=O)c2cccc(c2oc1c3ccccc3)C(=O)OCCN4CCCCC4,0,NCTR,0.8305741548538208
COCCCCC(=NOCCN)c1ccc(cc1)C(F)(F)F,0,NCTR,0.6987938284873962
COc1ccccc1OCC(CO)O,0,NCTR,0.5396880507469177
CCCCCCc1ccc(cc1O)O,0,NCTR,0.6816690564155579
c1ccc(cc1)C(c2ccc(cc2)Cl)N3CCN(CC3)CCOCCO,0,NCTR,0.49609118700027466
CCN(CC)CC(=O)Nc1c(cccc1C)C,0,NCTR,0.2604459822177887
CC(=O)N(CC(CN(c1c(c(c(c(c1I)C(=O)NCC(CO)O)I)C(=O)NCC(CO)O)I)C(=O)C)O)c2c(c(c(c(c2I)C(=O)NCC(CO)O)I)C(=O)NCC(CO)O)I,0,NCTR,0.312360018491745
Cc1cccc(c1)CN2CCN(CC2)C(c3ccccc3)c4ccc(cc4)Cl,0,NCTR,0.5449586510658264
c1cc2c(cc(nc2c(c1)C(F)(F)F)C(F)(F)F)C(C3CCCCN3)O,0,NCTR,0.6517565250396729
CC(C)(CO)N.Cn1c2c(c(=O)n(c1=O)C)[nH]c(n2)Br,0,NCTR,0.782761812210083
CCC1(CC2CC(c3c(c4ccccc4[nH]3)CCN(C2)C1)(c5cc6c(cc5OC)N(C7C68CCN9C8C(C=CC9)(C(C7(C(=O)OC)O)OC(=O)C)CC)C)C(=O)OC)O,0,NCTR,0.5537846684455872
CN(C)C(=N)N=C(N)N,0,NCTR,0.7345110177993774
Cn1c2c(c(=O)n(c1=O)C)[nH]cn2,0,NCTR,0.6539039611816406
CC1CN(CCC1(C)c2cccc(c2)O)CC(Cc3ccccc3)C(=O)NCC(=O)O,0,NCTR,0.4898630678653717
CC(C)C(Cc1ccc(c(c1)OCCCOC)OC)CC(C(CC(C(C)C)C(=O)NCC(C)(C)C(=O)N)O)N,0,NCTR,0.31884199380874634
CCCCCCCCC=CCCCCCCCC(=O)O.C(CO)N,0,NCTR,0.41946637630462646
CC(=O)Oc1cc2c(s1)CCN(C2)C(c3ccccc3F)C(=O)C4CC4,0,NCTR,0.6157535910606384
c1ccc(c(c1)C(=O)O)O,0,NCTR,0.6872009038925171
CS(=O)C,0,NCTR,0.6337827444076538
c1cc(c(cc1CCN)O)O,0,NCTR,0.4533669650554657
c1cc2cccnc2c(c1)O,0,NCTR,0.7725132703781128
CC(C)(C)NCC(c1ccc(c(c1)CO)O)O,0,NCTR,0.39005574584007263
CC(Cc1ccccc1)N(C)Cc2ccccc2,0,NCTR,0.353701651096344
CN(C)CCC(c1ccc(cc1)Br)c2ccccn2,0,NCTR,0.3511866629123688
c1ccc(cc1)C(CCN2CCCCC2)(C3CC4CC3C=C4)O,0,NCTR,0.19371137022972107
CC(=O)Oc1ccc(cc1)C(c2ccc(cc2)OC(=O)C)c3ccccn3,0,NCTR,0.509726345539093
Cn1cnc2c1c(=O)n(c(=O)n2C)C,0,NCTR,0.7605088353157043
C(C(Cl)(Cl)Cl)(O)O,0,NCTR,0.5658330917358398
CN(C)CCC(c1ccc(cc1)Cl)c2ccccn2,0,NCTR,0.36910751461982727
CC(=O)N(CCCCCNC(=O)CCC(=O)N(CCCCCNC(=O)CCC(=O)N(CCCCCN)O)O)O,0,NCTR,0.31361380219459534
CCC(=O)N(c1ccccc1)C2CCN(CC2)CCc3ccccc3,0,NCTR,0.32081207633018494
CCOC(=O)c1c2n(cn1)-c3ccc(cc3C(=O)N(C2)C)F,0,NCTR,0.7303471565246582
c1c(c(=O)[nH]c(=O)[nH]1)F,0,NCTR,0.7600784301757812
CC(C)NCC(c1ccc(c(c1)O)O)O,0,NCTR,0.269136518239975
CNC1(CCCCC1=O)c2ccccc2Cl,0,NCTR,0.6920458078384399
CN(C)C(=O)C(CCN1CCC(CC1)(c2ccc(cc2)Cl)O)(c3ccccc3)c4ccccc4,0,NCTR,0.3541077673435211
CCOC(=O)N1CCC(=C2c3ccc(cc3CCc4c2nccc4)Cl)CC1,0,NCTR,0.4256225526332855
CN1CCC23CCCCC2C1Cc4c3cc(cc4)OC,0,NCTR,0.2999926805496216
CN1CCC23c4c5ccc(c4OC2C(C=CC3C1C5)O)O,0,NCTR,0.26903820037841797
CN1CCC23c4c5ccc(c4OC2C(=O)CCC3(C1C5)O)O,0,NCTR,0.4160321354866028
CN1CCC23c4c5ccc(c4OC2C(=O)CCC3C1C5)O,0,NCTR,0.3493187129497528
COc1cc(c(cc1S(=O)(=O)O)C(=O)c2ccccc2)O,0,NCTR,0.7563678026199341
CC(C(c1ccccc1)O)N,0,NCTR,0.46574267745018005
CC(=O)OC1CC2CCC3C(C2(CC1[N+]4(CCCCC4)C)C)CCC5(C3CC(C5OC(=O)C)[N+]6(CCCCC6)C)C.[Br-].[Br-],0,NCTR,0.27335843443870544
[Li+],0,NCTR,0.5339703559875488
CC1C(C(CC(O1)OC2C(OC(CC2O)OC3C(OC(CC3O)OC4CCC5(C(C4)CCC6C5CC(C7(C6(CCC7C8=CC(=O)OC8)O)C)O)C)C)C)O)O,0,NCTR,0.5181730389595032
CC12CCC(=O)C=C1CCC3C2(C(CC4(C3CCC4(C(=O)CO)O)C)O)F,0,NCTR,0.5267597436904907
CC(C)(C)NCC(COc1ccccc1C2CCCC2)O,0,NCTR,0.1837611049413681
C1C(C(C(C(C1NC(=O)C(CCN)O)OC2C(C(C(C(O2)CO)O)N)O)O)OC3C(C(C(C(O3)CN)O)O)O)N,0,NCTR,0.5379839539527893
CC(C)NCC(COc1ccc(cc1)CCC(=O)OC)O,0,NCTR,0.47800952196121216
C[N+]1(CCc2cc(c(c(c2C1Cc3cc(c(c(c3)OC)OC)OC)OC)OC)OC)CCCOC(=O)CCC(=O)OCCC[N+]4(CCc5cc(c(c(c5C4Cc6cc(c(c(c6)OC)OC)OC)OC)OC)OC)C.[Cl-].[Cl-],0,NCTR,0.3897383511066437
CCC1(c2cc-3n(c(=O)c2COC1=O)Cc4c3nc5ccc(c(c5c4)CN(C)C)O)O,0,NCTR,0.5940276384353638
Cc1ccc(c(c1)C(CCN(C(C)C)C(C)C)c2ccccc2)O,0,NCTR,0.4653327167034149
CC(C(=O)Nc1c(c(c(c(c1I)C(=O)NC(CO)CO)I)C(=O)NC(CO)CO)I)O,0,NCTR,0.6936410665512085
C1C(C(C(C(C1N)OC2C(C(C(C(O2)CO)O)O)N)OC3C(C(C(O3)CO)OC4C(C(C(C(O4)CN)O)O)N)O)O)N,0,NCTR,0.4347240924835205
C1C2C(C(S1)CCCCC(=O)O)NC(=O)N2,0,NCTR,0.4632294476032257
CN1C2CCC1CC(C2)OC(=O)C(CO)c3ccccc3,0,NCTR,0.23000340163707733
c1cc(c(cc1C(CN)O)O)O,0,NCTR,0.3538931608200073
CCC(C)C1C(=O)NC(C(=O)NC(C(=O)NC(CSSCC(C(=O)NC(C(=O)N1)Cc2ccc(cc2)O)N)C(=O)N3CCCC3C(=O)NC(CC(C)C)C(=O)NCC(=O)N)CC(=O)N)CCC(=O)N,0,NCTR,0.4165912866592407
CC1C2Cc3ccc(cc3C1(CCN2CC=C(C)C)C)O,0,NCTR,0.27703657746315
CC(=O)OC1C(CC2C1(CCC3C2CCC4C3(CC(C(C4)O)N5CCOCC5)C)C)[N+]6(CCCC6)CC=C,0,NCTR,0.18912963569164276
CC(Cc1ccc(cc1)O)(C(=O)O)N,0,NCTR,0.6479798555374146
CC1=C(C(CCC1)(C)C)C=CC(=CC=CC(=CCO)C)C,0,NCTR,0.41352328658103943
CC(Cc1ccc(cc1)OC)NCC(c2ccc(c(c2)NC=O)O)O,0,NCTR,0.45280593633651733
CC(C)CC1C(=O)NC(C(=O)NC(C(=O)NC(C(=O)NCCC(C(=O)NC(C(=O)NC(C(=O)N1)Cc2ccccc2)CCN)NC(=O)C(CCN)NC(=O)C(C(C)O)NC(=O)C(CCN)NC(=O)O)C(C)O)CCN)CCN,0,NCTR,0.5514491200447083
CCCCCC(C=CC1C(CC(=O)C1CC=CCCCC(=O)O)O)O,0,NCTR,0.16274063289165497
C(C(C1C(=C(C(=O)O1)O)O)O)O,0,NCTR,0.4976884424686432
CN(C)CCOc1ccc(cc1)CNC(=O)c2cc(c(c(c2)OC)OC)OC,1,Greene,0.5572477579116821
CCCC1CC(N(C1)C)C(=O)NC(C2C(C(C(C(O2)SC)O)O)O)C(C)Cl,1,Greene,0.43066659569740295
CN(CCCCCCCCCCN(C)C(=O)Oc1cccc(c1)[N+](C)(C)C)C(=O)Oc2cccc(c2)[N+](C)(C)C.[Br-].[Br-],1,Greene,0.41517767310142517
CCC1(CC2CC(c3c(c4ccccc4[nH]3)CCN(C2)C1)(c5cc6c(cc5OC)N(C7C68CCN9C8C(C=CC9)(C(C7(C(=O)OC)O)OC(=O)C)CC)C=O)C(=O)OC)O,1,Greene,0.41601184010505676
CC12CCC3c4ccc(cc4CCC3C1CCC2(C#C)O)O,1,Greene,0.3189752697944641
CC(=O)C1CCC2C1(CCC3C2CCC4=CC(=O)CCC34C)C,1,Greene,0.2605869174003601
CC(=O)OCC1=C(N2C(C(C2=O)NC(=O)Cc3cccs3)SC1)C(=O)O,1,Greene,0.5382247567176819
CC1(C(N2C(S1)C(C2=O)NC(=O)c3c(cccc3OC)OC)C(=O)O)C,1,Greene,0.6880246996879578
Cc1c(c(no1)c2ccccc2Cl)C(=O)NC3C4N(C3=O)C(C(S4)(C)C)C(=O)O,1,Greene,0.9128568768501282
c1c(c(=O)[nH]c(=O)[nH]1)N(CCCl)CCCl,1,Greene,0.6674191951751709
c1ccc2c(c1)Nc3ccccc3S2,1,Greene,0.7344633340835571
C=CCO,1,Greene,0.7714771032333374
c1ccc(cc1)Br,1,Greene,0.8429911136627197
CCC1(C(=O)NC(=O)N(C1=O)C)c2ccccc2,1,Greene,0.5955085754394531
COc1ccc2c(c1)c(ccn2)C(C3CC4CCN3CC4C=C)O,1,Greene,0.5237817764282227
CN(C)CCN(Cc1cccs1)c2ccccn2.Cl,1,Greene,0.4110547602176666
CC(=O)CC(c1ccc(cc1)[N+](=O)[O-])c2c(=O)c3ccccc3oc2O,1,Greene,0.7058742642402649
CC(=O)OC1CCC2C3CCC4(C(C3CCC2=C1)CCC4(C#C)OC(=O)C)C,1,Greene,0.2237383872270584
Cc1c(ccc2c1oc(c(c2=O)NC(=O)c3ccc(c(c3)CC=C(C)C)O)O)OC4C(C(C(C(O4)(C)C)OC)OC(=O)N)O,1,Greene,0.8048589825630188
c1nc(nc(=O)n1C2C(C(C(O2)CO)O)O)N,1,Greene,0.34898343682289124
CC(CCC(=O)O)C1CCC2C1(CCC3C2C(CC4C3(CCC(C4)O)C)O)C,1,Greene,0.7065653800964355
c1ccc2c(c1)cccc2N=C=S,1,Greene,0.8866627216339111
COc1cc2c(c3c1c4c(c(=O)o3)C(=O)CC4)C5C=COC5O2,1,Greene,0.6642617583274841
Cc1c(c(no1)c2c(cccc2Cl)Cl)C(=O)NC3C4N(C3=O)C(C(S4)(C)C)C(=O)O,1,Greene,0.8566080927848816
CN1CCC(=C2c3ccccc3CCc4c2nccc4)CC1,1,Greene,0.6558384299278259
C(Cl)(Cl)(Cl)Cl,1,Greene,0.8311023116111755
c1c(c(=O)[nH]c(=O)n1C2CC(C(O2)CO)O)I,1,Greene,0.735049843788147
CC(=O)Nc1ccc-2c(c1)Cc3c2cccc3,1,Greene,0.6762880086898804
C1C(C(C(C(C1N)OC2C(C(C(C(O2)CO)O)N)O)O)OC3C(CC(C(O3)CN)O)N)N,1,Greene,0.3982722759246826
c1ccc(cc1)c2c(oc(n2)CCC(=O)O)c3ccccc3,1,Greene,0.7402631044387817
c1cc(c(cc1N)O)C(=O)O,1,Greene,0.6678792834281921
CCOc1ccc(cc1)NC(=O)C,1,Greene,0.7161256074905396
CCCCC1C(=O)N(N(C1=O)c2ccccc2)c3ccccc3,1,Greene,0.7480239272117615
CC(C)NC(=O)c1ccc(cc1)CNNC,1,Greene,0.50473552942276
CN1CCN(CC1)CCCN2c3ccccc3Sc4c2cc(cc4)Cl,1,Greene,0.5625548362731934
Cc1c(c(=O)n2c(n1)CCCC2)CCN3CCC(CC3)c4c5ccc(cc5on4)F,1,Greene,0.7281562685966492
Cc1nnc(s1)NS(=O)(=O)c2ccc(cc2)N,1,Greene,0.7996219396591187
c1cc(ccc1N)S(=O)(=O)N,1,Greene,0.6829822659492493
CC(C)(C)NCC(c1cc(cc(c1)O)O)O,1,Greene,0.22092796862125397
Cc1ccc(cc1)S(=O)(=O)NC(=O)NN2CCCCCC2,1,Greene,0.6443930268287659
CC12CCC3c4ccc(cc4CCC3C1CCC2=O)O,1,Greene,0.46662044525146484
CCCCNC(=O)NS(=O)(=O)c1ccc(cc1)C,1,Greene,0.5701635479927063
c1ccn2c(c1)nn(c2=O)CCCN3CCN(CC3)c4cccc(c4)Cl,1,Greene,0.6778561472892761
CN1CCN(CC1)CCCN2c3ccccc3Sc4c2cc(cc4)C(F)(F)F,1,Greene,0.6386978626251221
CC1(C(=O)N(C(=O)O1)C)C,1,Greene,0.5452688336372375
COc1cc(cc(c1OC)OC)Cc2cnc(nc2N)N,1,Greene,0.7292324900627136
CN(C)CCN(Cc1ccccc1)c2ccccn2,1,Greene,0.3303896188735962
c1c(c(=O)[nH]c(=O)n1C2CC(C(O2)CO)O)F,1,Greene,0.7182632684707642
CC(=O)SC1CC2=CC(=O)CCC2(C3C1C4CCC5(C4(CC3)C)CCC(=O)O5)C,1,Greene,0.3123050928115845
CC(C)(C)NCC(COc1c(nsn1)N2CCOCC2)O,1,Greene,0.28414788842201233
CCOC(=O)Nc1ccc2c(c1)N(c3ccccc3S2)C(=O)CCN4CCOCC4,1,Greene,0.6259225010871887
N.N.Cl[Pt+2]Cl,1,Greene,0.5332664251327515
CC1=C(C(CCC1)(C)C)C=CC(=CC=CC(=CC(=O)O)C)C,1,Greene,0.41206076741218567
CC(C)c1c(c(c(c(n1)C(C)C)C=CC(CC(CC(=O)O)O)O)c2ccc(cc2)F)COC,1,Greene,0.34932610392570496
Cn1c(nnn1)SCC2=C(N3C(C(C3=O)NC(=O)C(c4ccccc4)O)SC2)C(=O)O,1,Greene,0.774502158164978
C1CC(C1)(C(=O)O)C(=O)O.[NH2-].[NH2-].[Pt],1,Greene,0.4476167559623718
CC1(C(N2C(S1)C(C2=O)NC(=O)C(c3ccccc3)NC(=O)N4CCN(C4=O)S(=O)(=O)C)C(=O)O)C,1,Greene,0.6768288016319275
CCN(CC)CCOc1ccc(cc1)C(=C(c2ccccc2)Cl)c3ccccc3,1,Greene,0.7775017619132996
c1[nH]c2c(n1)[nH]c(nc2=S)N,1,Greene,0.8305457234382629
CN1C(=C(Nc2ccccn2)O)C(=O)c3ccccc3S1(=O)=O,1,Greene,0.8927764892578125
CC1c2cccc(c2C(=C3C1C(C4C(C(=O)C(=C(N)O)C(=O)C4(C3=O)O)N(C)C)O)O)O,1,Greene,0.7055437564849854
CN(C)c1ccc(c2c1CC3CC4C(C(=O)C(=C(N)O)C(=O)C4(C(=O)C3=C2O)O)N(C)C)O,1,Greene,0.5752925276756287
C1CCC(CC1)C(CC2CCCCN2)C3CCCCC3.C(=CC(=O)O)C(=O)O,1,Greene,0.549307644367218
CC1(c2cccc(c2C(=C3C1CC4C(C(=O)C(=C(N)O)C(=O)C4(C3=O)O)N(C)C)O)O)O,1,Greene,0.7633529901504517
Cn1c(nc(=O)c(=O)[nH]1)SCC2=C(N3C(C(C3=O)NC(=O)C(=NOC)c4csc(n4)N)SC2)C(=O)O,1,Greene,0.8621730804443359
c1ccc(cc1)CCC(C(=O)O)NC(CCCCN)C(=O)N2CCCC2C(=O)O,1,Greene,0.7054056525230408
Cc1c(c2c3c4c1OC(C4=O)(OC=CC(C(C(C(C(C(C(C(C=CC=C(C(=O)NC(=C5C3=NC6(N5)CCN(CC6)CC(C)C)C2=O)C)C)O)C)O)C)OC(=O)C)C)OC)C)O,1,Greene,0.6360518932342529
CC(CCCC(C)(C)O)C1CCC2C1(CCCC2=CC=C3CC(CCC3=C)O)C,1,Greene,0.16198095679283142
CCC1C(=O)N(CC(=O)N(C(C(=O)NC(C(=O)N(C(C(=O)NC(C(=O)NC(C(=O)N(C(C(=O)N(C(C(=O)N(C(C(=O)N(C(C(=O)N1)C(C(C)CC=CC)O)C)C(C)C)C)CC(C)C)C)CC(C)C)C)C)C)CC(C)C)C)C(C)C)CC(C)C)C)C,1,Greene,0.47081759572029114
CC(CCC(=O)NCCS(=O)(=O)O)C1CCC2C1(CCC3C2C(CC4C3(CCC(C4)O)C)O)C,1,Greene,0.4427732825279236
CCCCC(CC)COC(=O)C=Cc1ccc(cc1)OC,1,Greene,0.4264947772026062
CN(C)C1C2C(C3C(=C)c4cccc(c4C(=C3C(=O)C2(C(=C(C1=O)C(=O)N)O)O)O)O)O,1,Greene,0.6856637597084045
CN(C)C1C2CC3C(c4c(ccc(c4C(=C3C(=O)C2(C(=C(C1=O)C(=O)N)O)O)O)O)Cl)O,1,Greene,0.7073028683662415
COC1(C2N(C1=O)C(=C(CS2)COC(=O)N)C(=O)O)NC(=O)Cc3cccs3,1,Greene,0.815963864326477
CC1CC(=O)C=C(C12C(=O)c3c(cc(c(c3O2)Cl)OC)OC)OC,1,Greene,0.6256911158561707
CC1CC(C(C(O1)OC2C(CC3(CO3)C(=O)C(C(C(C(OC(=O)C(C(C2C)OC4CC(C(C(O4)C)OC(=O)C)OC)C)C)C)OC(=O)C)C)C)OC(=O)C)N(C)C,1,Greene,0.5487233400344849
CC1=C2C(C(=O)C3(C(CC4C(C3C(C(C2(C)C)(CC1OC(=O)C(C(c5ccccc5)NC(=O)c6ccccc6)O)O)OC(=O)c7ccccc7)(CO4)OC(=O)C)O)C)OC(=O)C,1,Greene,0.6883121728897095
CC1OCC2C(O1)C(C(C(O2)OC3c4cc5c(cc4C(C6C3COC6=O)c7cc(c(c(c7)OC)O)OC)OCO5)O)O,1,Greene,0.5575978755950928
CC1(Cc2cc(c(c(c2C1=O)Cl)Cl)OCC(=O)O)c3ccccc3,1,Greene,0.7111340165138245
CN(C)CCn1c(nnn1)SCC2=C(N3C(C(C3=O)NC(=O)Cc4csc(n4)N)SC2)C(=O)O,1,Greene,0.7139363884925842
CC(CS)C(=O)N1CCCC1C(=O)O,1,Greene,0.3973914682865143
CCOC(=O)C(CCc1ccccc1)NC(C)C(=O)N2Cc3ccccc3CC2C(=O)O,1,Greene,0.5632877349853516
CC1CN(CCN1)c2cc3c(cc2F)c(=O)c(cn3c4ccc(cc4F)F)C(=O)O,1,Greene,0.5745018124580383
CC(C)(C)NC(=O)C1CC2CCCCC2CN1CC(C(Cc3ccccc3)NC(=O)C(CC(=O)N)NC(=O)c4ccc5ccccc5n4)O,1,Greene,0.32121142745018005
C=CCOC=O,1,Greene,0.6314358711242676
CN1c2ccccc2C(c3ccc(cc3S1(=O)=O)Cl)NCCCCCCC(=O)O,1,Greene,0.7901674509048462
Cc1c2c(cc(c1F)N3CCNC(C3)C)n(cc(c2=O)C(=O)O)C4CC4,1,Greene,0.8024683594703674
CCC1C(C(C(C(=O)C(CC(C(C(C(C(C(=O)O1)C)OC2CC(C(C(O2)C)O)(C)OC)C)OC3C(C(CC(O3)C)N(C)C)O)(C)OC)C)C)O)(C)O,1,Greene,0.407320499420166
CC1(c2c(ccc(c2C(=C3C1CC4C(C(=O)C(=C(C4(C3=O)O)O)C(=O)N)N(C)C)O)O)Cl)O.Cl,1,Greene,0.7423318028450012
c1cc(c(cc1OCC(F)(F)F)C(=O)NCC2CCCCN2)OCC(F)(F)F,1,Greene,0.6335583925247192
c1c(cc(c(c1Sc2cc(cc(c2O)Cl)Cl)O)Cl)Cl,1,Greene,0.46390268206596375
CNCCc1ccccn1,1,Greene,0.7547120451927185
CC(C)COCC(CN(Cc1ccccc1)c2ccccc2)N3CCCC3,1,Greene,0.34785592555999756
C1CN(P(=O)(OC1)NCCCl)CCCl,1,Greene,0.4079608619213104
CN(C)CCCN1c2ccccc2CCc3c1cccc3,1,Greene,0.38605189323425293
Cn1cnc(c1Sc2c3c(nc[nH]3)ncn2)[N+](=O)[O-],1,Greene,0.6789785623550415
c1cnccc1c2cc(c(=O)[nH]c2)N,1,Greene,0.7902094125747681
Cc1c(c2cc(ccc2n1C(=O)c3ccc(cc3)Cl)OC)CC(=O)O,1,Greene,0.8000277876853943
CC(Cc1ccc(cc1)O)NCC(c2cc(cc(c2)O)O)O,1,Greene,0.41685107350349426
CN1CCN(CC1)C2=c3ccccc3=Nc4ccc(cc4N2)Cl,1,Greene,0.8198853731155396
COc1cc(ccc1Nc2c3ccccc3nc4c2cccc4)NS(=O)(=O)C,1,Greene,0.7271451950073242
CCN(CC)Cc1cc(ccc1O)Nc2ccnc3c2ccc(c3)Cl,1,Greene,0.541266143321991
c1ccc(cc1)C(=O)c2ccc3n2CCC3C(=O)O,1,Greene,0.6588788032531738
c1cc(c(c(c1)Cl)NC2=NCCN2)Cl,1,Greene,0.8314379453659058
c1c2c(cc(c1Cl)S(=O)(=O)N)S(=O)(=O)NCN2,1,Greene,0.787276029586792
CC1(CCCCC1)COc2ccc(cc2)CC3C(=O)NC(=O)S3,1,Greene,0.39596402645111084
CCN(CC)CCNc1ccc(c2c1c(=O)c3ccccc3s2)CO,1,Greene,0.6117085814476013
CC(C)(C(=O)O)Oc1ccc(cc1)C2CC2(Cl)Cl,1,Greene,0.5224812030792236
CC(c1ccc(c(c1)F)c2ccccc2)C(=O)O,1,Greene,0.7618634104728699
CCCNC(=O)NS(=O)(=O)c1ccc(cc1)Cl,1,Greene,0.6686739921569824
CN(C)CCCN1c2ccccc2Sc3c1cc(cc3)Cl,1,Greene,0.703125536441803
c1ccc(cc1)N2CNC(=O)C23CCN(CC3)CCCC(c4ccc(cc4)F)c5ccc(cc5)F,1,Greene,0.444088339805603
CC1=C(N2C(C(C2=O)NC(=O)C(c3ccc(cc3)O)N)SC1)C(=O)O,1,Greene,0.748909056186676
c1cc(oc1C=NN2CCOC2=O)[N+](=O)[O-],1,Greene,0.8673424124717712
c1cc(oc1)CNc2cc(c(cc2C(=O)O)S(=O)(=O)N)Cl,1,Greene,0.7919668555259705
CCOC(=O)C(C)(C)Oc1ccc(cc1)Cl,1,Greene,0.5090810656547546
Cc1ccc(c(c1)OCCCC(C)(C)C(=O)O)C,1,Greene,0.6762667298316956
CCC1(CCC(=O)NC1=O)c2ccccc2,1,Greene,0.651672899723053
c1c(c(c(c(c1Cl)Cl)Cc2c(c(cc(c2Cl)Cl)Cl)O)O)Cl,1,Greene,0.5580869913101196
CCCCNc1cc(cc(c1Oc2ccccc2)S(=O)(=O)N)C(=O)O,1,Greene,0.828379213809967
CCn1cc(c(=O)c2c1c(c(c(c2)F)N3CCNC(C3)C)F)C(=O)O,1,Greene,0.7088652849197388
Cc1cccc(c1OCC(C)N)C,1,Greene,0.4990670382976532
CC(C)OC(=O)C(C)(C)Oc1ccc(cc1)C(=O)c2ccc(cc2)Cl,1,Greene,0.5531032085418701
CN1CCN2c3ccccc3Cc4ccccc4C2C1,1,Greene,0.4829235076904297
c1ccc(cc1)C2(C(=O)NC(=O)N2)c3ccccc3,1,Greene,0.6031871438026428
CC(C)N(CCC(c1ccccc1)(c2ccccn2)C(=O)N)C(C)C,1,Greene,0.36881738901138306
Cc1ccc2cc3c4ccccc4ccc3c5c2c1CC5,1,Greene,0.5302248597145081
CN1CCC(=C2c3ccccc3C=Cc4c2cccc4)CC1,1,Greene,0.47465813159942627
c1cnc(cn1)C(=O)N,1,Greene,0.8269662261009216
c1cc(c2c(c1NCCNCCO)C(=O)c3c(ccc(c3C2=O)O)O)NCCNCCO,1,Greene,0.6895703077316284
c1cc(ccc1N)S(=O)(=O)c2ccc(cc2)N,1,Greene,0.7900750041007996
CC1=C(C(C(=C(N1)C)C(=O)OCCN(C)Cc2ccccc2)c3cccc(c3)[N+](=O)[O-])C(=O)OC,1,Greene,0.7445516586303711
CC1=C(C(C(=C(N1)C)C(=O)OC)c2ccccc2[N+](=O)[O-])C(=O)OC,1,Greene,0.7937721014022827
CCN(CC)C(=O)N1CCN(CC1)C,1,Greene,0.314993679523468
CC1=C(C(C(=C(N1)C)C(=O)OC(C)C)c2cccc(c2)[N+](=O)[O-])C(=O)OCCOC,1,Greene,0.7326372265815735
c1c(c([nH]c(=O)n1)N)F,1,Greene,0.8164834380149841
CCC1(CC(=O)NC1=O)C,1,Greene,0.6480289697647095
CCCCc1nc(c(n1Cc2ccc(cc2)c3ccccc3c4n[nH]nn4)CO)Cl,1,Greene,0.7542337775230408
COC(=O)Nc1[nH]c2cc(ccc2n1)C(=O)c3ccccc3,1,Greene,0.6384391784667969
Cc1ccc(c(c1Cl)Nc2ccccc2C(=O)O)Cl,1,Greene,0.6920750737190247
c1c-2c(=O)ncnc2[nH][nH]1,1,Greene,0.7538325190544128
Cc1cccc(c1C)Nc2ccccc2C(=O)O,1,Greene,0.6361299753189087
C1CNP(=O)(OC1)N(CCCl)CCCl,1,Greene,0.3977873921394348
CN1CCCCC1CCN2c3ccccc3Sc4c2cc(cc4)S(=O)C,1,Greene,0.7571662068367004
CCCSc1ccc2c(c1)[nH]c(n2)NC(=O)OC,1,Greene,0.7914837002754211
COC(=O)C(c1ccccc1)C2CCCCN2,1,Greene,0.34754008054733276
CCN(CC)CCNC(=O)c1cc(c(cc1OC)N)Cl,1,Greene,0.3804579973220825
CC(=O)c1ccc(cc1)S(=O)(=O)NC(=O)NC2CCCCC2,1,Greene,0.8285735845565796
Cc1ccccc1N2C(Nc3cc(c(cc3C2=O)S(=O)(=O)N)Cl)C,1,Greene,0.7259146571159363
COc1cc(c(cc1C(=O)NC2CCN(CC2OC)CCCOc3ccc(cc3)F)Cl)N,0,Greene,0.6864165663719177
c1cc(c(c(c1)Cl)SC(CCc2ccc(cc2)Cl)Cn3ccnc3)Cl,0,Greene,0.6045209169387817
Cn1c(nnn1)SCC2=C(N3C(C(C3=O)(NC(=O)C(c4ccc(cc4)O)C(=O)O)OC)OC2)C(=O)O,0,Greene,0.8109183311462402
CCN1CCN(C(=O)C1=O)C(=O)NC(c2ccc(cc2)O)C(=O)NC3C4N(C3=O)C(=C(CS4)CSc5nnnn5C)C(=O)O,0,Greene,0.8669572472572327
CC(C)(C)NCC(c1cc(cc(c1)OC(=O)N(C)C)OC(=O)N(C)C)O,0,Greene,0.4459382891654968
CC(C)C1c2ccc(cc2CCC1(CCN(C)CCCc3[nH]c4ccccc4n3)OC(=O)COC)F,0,Greene,0.42915913462638855
Cn1c(nnn1)SCC2=C(N3C(C(C3=O)(NC(=O)C4SC(=C(C(=O)N)C(=O)O)S4)OC)SC2)C(=O)O,0,Greene,0.8258931040763855
CC(CO)NC(=O)C1CN(C2Cc3c[nH]c4c3c(ccc4)C2=C1)C,0,Greene,0.5522291660308838
c1nc(c2c(n1)n(cn2)C3C(C(C(O3)CO)O)O)N,0,Greene,0.509970486164093
C1C2CC3CC1CC(C2)(C3)N,0,Greene,0.1665257066488266
Cc1cc(no1)NC(=O)C2=C(c3ccccc3S(=O)(=O)N2C)O,0,Greene,0.7080519795417786
C1(C(C(C(C(C1Cl)Cl)Cl)Cl)Cl)Cl,0,Greene,0.45142653584480286
C1(C(C(C(C(C1O)O)O)O)O)O,0,Greene,0.29529237747192383
CC(=O)NCCc1c[nH]c2c1cc(cc2)OC,0,Greene,0.7577576637268066
c1cc(ccc1C(=O)O)N,0,Greene,0.7452395558357239
Cc1c(c(c(cn1)COP(=O)(O)O)C=O)O,0,Greene,0.647875964641571
CC1C(C(=O)N1S(=O)(=O)[O-])NC(=O)C(=NOC(C)(C)C(=O)O)c2csc(n2)[NH3+],0,Greene,0.6560266017913818
C=C1CCC2(C3Cc4ccc(c5c4C2(C1O5)CCN3CC6CC6)O)O,0,Greene,0.2910982072353363
CC1C(=O)NC(C(=O)NC(=CNC(=O)N)C(=O)NC(C(=O)NCC(C(=O)N1)N)C2CCN=C(N2)N)CNC(=O)CC(CCCN)N.C1CN=C(NC1C2C(=O)NCC(C(=O)NC(C(=O)NC(C(=O)NC(=CNC(=O)N)C(=O)N2)CNC(=O)CC(CCCN)N)CO)N)N,0,Greene,0.6954306960105896
Cc1cc(n(c(=O)c1)O)C2CCCCC2,0,Greene,0.6843703389167786
CC(C)C=CCCCCC(=O)NCc1ccc(c(c1)OC)O,0,Greene,0.43847987055778503
COc1ccc(cc1)CCN2CCC(CC2)Nc3nc4ccccc4n3Cc5ccc(cc5)F,0,Greene,0.6657295823097229
CCOC(Cc1ccc(cc1)OCCN2c3ccccc3Oc4c2cccc4)C(=O)O,0,Greene,0.7855088710784912
CC(C)NCC(COc1ccc(cc1)CC(=O)N)O,0,Greene,0.48848482966423035
c1ccc(cc1)C2CC2N,0,Greene,0.3673247694969177
C1C(ON=C1Cl)C(C(=O)O)N,0,Greene,0.56043940782547
c1cnc(nc1)N2CCN(CC2)CCCCN3C(=O)CC4(CCCC4)CC3=O,0,Greene,0.6807724237442017
CC1CC2C3CCC4=CC(=O)C=CC4(C3(C(CC2(C1(C(=O)CCl)O)C)O)Cl)C,0,Greene,0.29511287808418274
CCN(CC)CCOc1cccc(c1OCCN(CC)CC)OCCN(CC)CC,0,Greene,0.13638795912265778
CC1C(C(CC(O1)OC2CC(Cc3c2c(c4c(c3O)C(=O)c5ccccc5C4=O)O)(C(=O)C)O)N)O,0,Greene,0.6105210185050964
CC1=C(C(C(=C(N1)C)C(=O)OCC(C)C)c2ccccc2[N+](=O)[O-])C(=O)OC,0,Greene,0.8497931361198425
CC1(C(C1C(=O)OCc2cccc(c2)Oc3ccccc3)C=C(Cl)Cl)C,0,Greene,0.5659743547439575
COC(=O)Nc1[nH]c2cc(ccc2n1)C(=O)c3cccs3,0,Greene,0.7941713333129883
CC12CC3CC(C1)(CC(C3)(C2)N)C,0,Greene,0.2464144229888916
c1ccc(cc1)C(C(=O)NC2C3CCC(=C(N3C2=O)C(=O)O)Cl)N,0,Greene,0.6777167320251465
Cc1cc(n(c1C(=O)c2ccc(cc2)Cl)C)CC(=O)O,0,Greene,0.7813569903373718
CC[N+](C)(CC)CCOC(=O)C(c1ccccc1)(C2CCCCC2)O,0,Greene,0.12968051433563232
C1(=O)C(=O)NC(=O)NC1=O,0,Greene,0.7698273658752441
CN1CCC(=C2c3ccccc3CC(=O)c4c2ccs4)CC1,0,Greene,0.838995635509491
CCC1C(COC1=O)Cc2cncn2C,0,Greene,0.5940245389938354
CC(COc1ccccc1)NC(C)C(c2ccc(cc2)O)O,0,Greene,0.3860476016998291
CC12CCN(C1N(c3c2cc(cc3)OC(=O)NC)C)C,0,Greene,0.5887711644172668
CC(C)(C)c1ccc(cc1)C(CCCN2CCC(CC2)C(c3ccccc3)(c4ccccc4)O)O,0,Greene,0.3271178603172302
CNS(=O)(=O)Cc1ccc2c(c1)c(c[nH]2)CCN(C)C,0,Greene,0.4583278000354767
CC(C)(C)c1cc(cc(c1O)C(C)(C)C)SC(C)(C)Sc2cc(c(c(c2)C(C)(C)C)O)C(C)(C)C,0,Greene,0.30125153064727783
C(CN)C(O)(P(=O)(O)O)P(=O)(O)O,0,Greene,0.4150158166885376
CN(CC#C)Cc1ccccc1,0,Greene,0.3736377954483032
CC(C(C)(C)C)N=C(NC#N)Nc1ccncc1,0,Greene,0.6635074615478516
CC(C)NCC(COc1cccc2c1cc[nH]2)O,0,Greene,0.3017060160636902
c1ccc2c(c1)CCN3C2CN(CC3=O)C(=O)C4CCCCC4,0,Greene,0.48551061749458313
CC(CN1c2ccccc2Sc3c1cccc3)N(C)C,0,Greene,0.4669502079486847
c1ccc(cc1)C(=O)NS(=O)(=O)c2ccc(cc2)N,0,Greene,0.674250602722168
CCCNCC(COc1ccccc1C(=O)CCc2ccccc2)O,0,Greene,0.43980950117111206
CC(C)c1cccc(c1O)C(C)C,0,Greene,0.27824896574020386
CC(C)NCC(COc1cccc2c1cccc2)O,0,Greene,0.24806372821331024
c1cc(ccc1CSC(Cn2ccnc2)c3ccc(cc3Cl)Cl)Cl,0,Greene,0.6854485273361206
c1cc(c(cc1CC(C(=O)O)N)O)O,0,Greene,0.32373669743537903
CC(C(c1cc(ccc1OC)OC)O)N,0,Greene,0.2675299346446991
C(C1C(C(C(C(O1)OC2C(OC(C(C2O)O)O)CO)O)O)O)O,0,Greene,0.24052536487579346
c1nc(c2c(n1)n(cn2)C3C(C(C(O3)CO)O)O)N.O,0,Greene,0.7666292786598206
Cc1ccccc1C(c2ccccc2)OCCN(C)C,0,Greene,0.3327312171459198
c1cc2c(c(c1)OCC(COc3ccc4c(c3)c(=O)cc(o4)C(=O)O)O)c(=O)cc(o2)C(=O)O,0,Greene,0.8006247878074646
CC(=O)OCC1=C(N2C(C(C2=O)NC(=O)CSc3ccncc3)SC1)C(=O)O,0,Greene,0.7743595838546753
c1nc2c(nc(nc2n1C3CC(C(O3)CO)O)Cl)N,0,Greene,0.5943433046340942
c1cc(ccc1COC(Cn2ccnc2)c3ccc(cc3Cl)Cl)Cl,0,Greene,0.6596735715866089
CC1(C(N2C(S1)C(C2=O)NC(=O)C(c3ccccc3)NC(=O)N4CCNC4=O)C(=O)O)C,0,Greene,0.7528196573257446
CC1=C(N2C(C(C2=O)NC(=O)C(C3=CCC=CC3)N)SC1)C(=O)O,0,Greene,0.7607538104057312
CC(C)(C(=O)O)Oc1ccc(cc1)CCNC(=O)c2ccc(cc2)Cl,0,Greene,0.7431720495223999
CC(C)(C)NCC(COc1cccc2c1CC(C(C2)O)O)O,0,Greene,0.1953762024641037
CC1CC2C3CCC4=CC(=O)C=CC4(C3(C(CC2(C1(C(=O)CO)O)C)O)Cl)C,0,Greene,0.301017165184021
c1ccc(cc1)CCNN,0,Greene,0.7471086978912354
C1CCC(CC1)(CC(=O)O)CN,0,Greene,0.2164413183927536
C(CC(C(=O)O)N)CN=C(N)N,0,Greene,0.46167638897895813
C(C(CO)(CO)N)O,0,Greene,0.4489595592021942
C1C(C2C(O1)C(CO2)O[N+](=O)[O-])O[N+](=O)[O-],0,Greene,0.42663922905921936
CC(C1CCC(C(O1)OC2C(CC(C(C2O)OC3C(C(C(CO3)(C)O)NC)O)N)N)N)NC,0,Greene,0.35223907232284546
CCOC(=O)C1(CCN(CC1)CCc2ccc(cc2)N)c3ccccc3,0,Greene,0.5683311820030212
C(=O)(O)P(=O)(O)O,0,Greene,0.34350281953811646
C[N+](C)(C)CCOP(=O)([O-])OP(=O)(O)OCC1C(C(C(O1)n2ccc(nc2=O)N)O)O,0,Greene,0.3880695104598999
c1ccc2c(c1)[nH]c(=O)n2C3CCN(CC3)CCCC(c4ccc(cc4)F)c5ccc(cc5)F,0,Greene,0.6449107527732849
CCCOc1ccc2c(c1)[nH]c(n2)NC(=O)OC,1,Xu,0.8415027856826782
CC1C(C(CC(O1)OC2C(C(C(OC2Oc3c4cc5cc3Oc6ccc(cc6Cl)C(C(C(=O)NC(C(=O)NC5C(=O)NC7c8ccc(c(c8)-c9c(cc(cc9O)O)C(NC(=O)C(C(c1ccc(c(c1)Cl)O4)O)NC7=O)C(=O)O)O)CC(=O)N)NC(=O)C(CC(C)C)NC)O)CO)O)O)(C)N)O,1,Xu,0.5767948627471924
C(=CC(=O)O)C(=O)O,1,Xu,0.36005496978759766
CC1C(=O)OC2CCN3C2C(=CC3)COC(=O)C(C1(C)O)(C)O,1,Xu,0.2897840142250061
c1cc(ccc1O)Br,1,Xu,0.7682860493659973
CC(C)CC(=O)OC1C(C(C(OC1OC2CC(C3CCC45CC(CCC4C3(C2)C)C(=C)C5O)C(=O)O)CO)OS(=O)(=O)[O-])OS(=O)(=O)[O-].[K+].[K+],1,Xu,0.32713583111763
CC(CCC(=O)O)C1CCC2C1(CCC3C2CCC4C3(CCC(C4)O)C)C,1,Xu,0.21111921966075897
COC(=O)Nc1[nH]c2ccccc2n1,1,Xu,0.7492743134498596
C(C1C(C(C(C(O1)O)N)O)O)O,1,Xu,0.22505071759223938
CN(C)c1c2c(ncn1)n(cn2)C3C(C(C(O3)CO)NC(=O)C(Cc4ccc(cc4)OC)N)O,1,Xu,0.6147511005401611
[O-][Cr](=O)(=O)O[Cr](=O)(=O)[O-].[K+].[K+],1,Xu,0.424152672290802
c1cc(ccc1NN=C(C#N)C#N)OC(F)(F)F,1,Xu,0.7700394988059998
CCCCC(=O)N(Cc1ccc(cc1)c2ccccc2c3n[nH]nn3)C(C(C)C)C(=O)O,0,Xu,0.6129460334777832
Cl[Cd]Cl,0,Xu,0.6939526200294495
CN(C)CCCC1(c2ccc(cc2CO1)C#N)c3ccc(cc3)F,0,Xu,0.4823051393032074
CC(C)(c1ccccc1CCC(c2cccc(c2)C=Cc3ccc4ccc(cc4n3)Cl)SCC5(CC5)CC(=O)O)O,0,Xu,0.6372019648551941
CCC1C(C(C(N(CC(CC(C(C(C(C(C(=O)O1)C)OC2CC(C(C(O2)C)O)(C)OC)C)OC3C(C(CC(O3)C)N(C)C)O)(C)O)C)C)C)O)(C)O,0,Xu,0.4544623792171478
[N+](=O)([O-])[O-].[N+](=O)([O-])[O-].[N+](=O)([O-])[O-].[Ga+3],0,Xu,0.4247204661369324
CCSCCC(C(=O)O)N,0,Xu,0.39100193977355957
CC(=S)N,0,Xu,0.7528562545776367
CCC(C)C(=O)OC1CC(C=C2C1C(C(C=C2)C)CCC3CC(CC(=O)O3)O)C,0,Xu,0.3250301778316498
C(C(C(=O)O)N)OC(=C[N+]#N)[O-],0,Xu,0.5367925763130188
CCC(C)(C)C(=O)OC1CC(C=C2C1C(C(C=C2)C)CCC3CC(CC(=O)O3)O)C,0,Xu,0.3290555775165558
c1cc(ccc1C2CCNCC2COc3ccc4c(c3)OCO4)F,0,Xu,0.5742443203926086
CCCc1nc2c(cc(cc2n1Cc3ccc(cc3)c4ccccc4C(=O)O)c5nc6ccccc6n5C)C,0,Xu,0.7663975358009338
CNC(=C[N+](=O)[O-])NCCSCc1ccc(o1)CN(C)C,0,Xu,0.5409960746765137
CNC1CCC(c2c1cccc2)c3ccc(c(c3)Cl)Cl,0,Xu,0.5058409571647644
c1nc(nn1C2C(C(C(O2)CO)O)O)C(=O)N,0,Xu,0.5066437125205994
CC(C)n1c2ccccc2c(c1C=CC(CC(CC(=O)O)O)O)c3ccc(cc3)F,0,Xu,0.5887253880500793
c1c(nc(s1)N=C(N)N)CSCCC(=NS(=O)(=O)N)N,0,Xu,0.7135679125785828
CNCCC(c1ccccc1)Oc2ccc(cc2)C(F)(F)F,0,Xu,0.6610952019691467
Cc1ccc(cc1)S(=O)(=O)NC(=O)NN2CC3CCCC3C2,0,Xu,0.4978303909301758
CCC1=C(CN(C1=O)C(=O)NCCc2ccc(cc2)S(=O)(=O)NC(=O)NC3CCC(CC3)C)C,0,Xu,0.7709217667579651
CNCCCC12CCC(c3c1cccc3)c4c2cccc4,0,Xu,0.4947289526462555
COc1cc2c(cc1OC)C(=O)C(C2)CC3CCN(CC3)Cc4ccccc4,0,Xu,0.7258946299552917
CNCCCN1c2ccccc2CCc3c1cccc3,0,Xu,0.5118200778961182
c1ccc(cc1)C(c2ccccc2)(c3ccccc3Cl)n4ccnc4,0,Xu,0.5465850830078125
Cc1c(nc[nH]1)CSCCNC(=NC)NC#N,0,Xu,0.8116615414619446
c1ccc2c(c1)N=C(c3cc(ccc3O2)Cl)N4CCNCC4,0,Xu,0.885016143321991
CN(C)CCC=C1c2ccccc2CCc3c1cccc3,0,Xu,0.3928278088569641
CC12CCC3c4ccc(cc4CCC3C1CCC2O)O,0,Xu,0.41152361035346985
CC1CC2C(CCC3(C2CCC3(C(=O)C)O)C)C4(C1=CC(=O)CC4)C,0,Xu,0.2831116020679474
CC(=O)CC(c1ccccc1)c2c(=O)c3ccccc3oc2O,0,Xu,0.6654135584831238
CC(=O)NC1CCc2cc(c(c(c2-c3c1cc(=O)c(cc3)OC)OC)OC)OC,0,Xu,0.5050624012947083
CC(C(=O)c1cccc(c1)Cl)NC(C)(C)C,0,Xu,0.8224030137062073
CCc1ccc(nc1)CCOc2ccc(cc2)CC3C(=O)NC(=O)S3,0,Xu,0.6118649244308472
CC(Cl)(Cl)Cl,1,Liew,0.8561109900474548
CC1=C(C(C(=C(N1)C#N)C(=O)OC)c2cccc(c2)N(=O)=O)C(=O)OC(C)C,1,Liew,0.863918125629425
CCOc1ccc2ccccc2c1C(=O)NC3C4N(C3=O)C(C(S4)(C)C)C(=O)O,1,Liew,0.6595344543457031
CC(c1ccc2cc(ccc2c1)OC)C(=O)O,1,Liew,0.7993100881576538
CC(C)C1CCC(CC1)C(=O)NC(Cc2ccccc2)C(=O)O,1,Liew,0.3957158327102661
c1cc2c(cc1F)CCC(O2)C(CNCC(C3CCc4cc(ccc4O3)F)O)O,1,Liew,0.541883647441864
Cc1c(cccc1O)C(=O)NC(CSc2ccccc2)C(CN3CC4CCCCC4CC3C(=O)NC(C)(C)C)O,1,Liew,0.39220309257507324
CCNC1CC(C(C(C1OC2C(C(C(CO2)(C)O)NC)O)O)OC3C(CC=C(O3)CN)N)N,1,Liew,0.36585181951522827
c1cc(cnc1)C(=O)N,1,Liew,0.8746170997619629
CC1=C(C(C(=C(N1)C)C(=O)OC)c2ccccc2N(=O)=O)C(=O)OC,1,Liew,0.8376172184944153
c1cc(cc(c1)Nc2c(cccn2)C(=O)O)C(F)(F)F,1,Liew,0.7933900952339172
CS(=O)(=O)Nc1ccc(cc1Oc2ccccc2)N(=O)=O,1,Liew,0.6639125347137451
CC(=O)N(C)C,1,Liew,0.4822973608970642
CC1=C(C(C(=C(N1)C)C(=O)OC(C)C)c2cccc(c2)N(=O)=O)C(=O)OCCOC,1,Liew,0.8629825711250305
CN(c1c(cc(cc1N(=O)=O)N(=O)=O)N(=O)=O)N(=O)=O,1,Liew,0.7571040987968445
CCOC(=O)C1=C(NC(=C(C1c2cccc(c2)N(=O)=O)C(=O)OC)C)C,1,Liew,0.6927797794342041
c1cc(oc1C=NN2CC(=O)NC2=O)N(=O)=O,1,Liew,0.8668899536132812
CNC(=CN(=O)=O)NCCSCc1csc(n1)CN(C)C,1,Liew,0.7020723223686218
CN(C)N=O,1,Liew,0.7582080364227295
Cc1ccc2c(c1Sc3ccncc3)c(=O)nc([nH]2)N,1,Liew,0.8147844672203064
CN(C)C=O,1,Liew,0.4735051691532135
Cc1c2c(c(c(c1OC)CC=C(C)CCC(=O)O)O)C(=O)OC2,1,Liew,0.5466898083686829
CC12CCC(=O)C=C1CCC3C2CCC4(C3CCC4(C)O)C,1,Liew,0.21875378489494324
CC(=NN=C(N)N)C=NN=C(N)N,1,Liew,0.6929091811180115
CC(C)NCC(COc1ccc(cc1)CCOC)O,1,Liew,0.3563082814216614
CC(C)(C)c1c(=O)n(c(nn1)SC)N,1,Liew,0.4206664562225342
Cc1ncc(n1CCO)N(=O)=O,1,Liew,0.7628536224365234
CCCCCOc1ccc(cc1)c2cc(no2)c3ccc(cc3)C(=O)NC4CC(C(NC(=O)C5C(C(CN5C(=O)C(NC(=O)C(NC(=O)C6CC(CN6C(=O)C(NC4=O)C(C)O)O)C(C(c7ccc(c(c7)OS(=O)(=O)O)O)O)O)C(CC(=O)N)O)C)O)O)O,1,Liew,0.7346804738044739
Cc1c(cc(c(=O)[nH]1)C#N)c2ccncc2,1,Liew,0.7696351408958435
CCCCCCCCCCCCCCCCOP(=O)(O)OCC[N+](C)(C)C,1,Liew,0.3407285213470459
CN1CCN2c3c(cccn3)Cc4ccccc4C2C1,1,Liew,0.5670623779296875
C(C(C(C(C(CBr)O)O)O)O)Br,1,Liew,0.23853233456611633
c1cc(cc(c1)N(=O)=O)N,1,Liew,0.9071691036224365
c1ccc(cc1)C(c2ccccc2)S(=O)CC(=O)N,1,Liew,0.6482806205749512
CCOC(=O)C(CCc1ccccc1)NC(C)C(=O)N2Cc3cc(c(cc3CC2C(=O)O)OC)OC,1,Liew,0.7052340507507324
CCCCCCCC(=O)OCC(CO)O,1,Liew,0.3413625955581665
CC(C1C(=O)NC(CSSCC(C(=O)NC(C(=O)NC(C(=O)NC(C(=O)N1)CCCCN)Cc2c[nH]c3c2cccc3)Cc4ccccc4)NC(=O)C(Cc5ccccc5)N)C(=O)NC(CO)C(C)O)O,1,Liew,0.6662470102310181
c1ccc(c(c1)Cl)Cl,1,Liew,0.7111950516700745
Cc1cc2=C(Nc3ccccc3N=c2s1)N4CCN(CC4)C,1,Liew,0.8572757840156555
CCC1(C(=O)NC(=O)NC1=O)c2ccccc2,1,Liew,0.6789603233337402
C(C(Cl)(Cl)Cl)(Cl)Cl,1,Liew,0.8060678839683533
c1cc(ccc1C(=N)N)OCCCCCOc2ccc(cc2)C(=N)N,1,Liew,0.7449522614479065
CN1CCN(CC1)CCCN2c3ccccc3Sc4c2cccc4,1,Liew,0.6392835378646851
c1ccc2c(c1)N(c3cc(ccc3S2)C#N)CCCN4CCC(CC4)O,1,Liew,0.6392553448677063
c1ccc2c(c1)N(c3cc(ccc3S2)Cl)CCCN4CCN(CC4)CCO,1,Liew,0.6075242757797241
c1ccc(cc1)CC(=O)NC(=O)N,1,Liew,0.7131948471069336
c1ccc(cc1)C2C(=O)c3ccccc3C2=O,1,Liew,0.7434149384498596
c1ccc(cc1)O,1,Liew,0.8616504073143005
c1cc(c(cc1NN=C2C=CC(=O)C(=C2)C(=O)O)C(=O)O)O,1,Liew,0.7183600664138794
c1c(cc(c(c1N(=O)=O)O)N(=O)=O)N(=O)=O,1,Liew,0.6681950688362122
CCN1CCN(C(=O)C1=O)C(=O)NC(c2ccccc2)C(=O)NC3C4N(C3=O)C(C(S4)(C)C)C(=O)O,1,Liew,0.8149648904800415
CN(C)S(=O)(=O)c1ccc2c(c1)N(c3ccccc3S2)CCCN4CCC(CC4)CCO,1,Liew,0.5894967317581177
CC1C(C(CC(O1)OC2CC(Cc3c2c(c4c(c3O)C(=O)c5cccc(c5C4=O)OC)O)(C(=O)CO)O)N)OC6CCCCO6,1,Liew,0.4650900661945343
c1cc(ccc1c2cn(nc2CC(=O)O)c3ccc(cc3)F)Cl,1,Liew,0.6436455249786377
c1ccc(cc1)Oc2c(cc(cc2S(=O)(=O)N)C(=O)O)N3CCCC3,1,Liew,0.6869969964027405
CC(C)(C(C(=O)O)N)S,1,Liew,0.31518152356147766
Cc1cccn2c1ncc(c2=O)c3n[nH]nn3,1,Liew,0.7619448304176331
c1cc(ccc1CCc2c[nH]c3c2c(=O)nc([nH]3)N)C(=O)NC(CCC(=O)O)C(=O)O,1,Liew,0.7126627564430237
CCn1cc(c(=O)c2c1cc(c(c2)F)N3CCN(CC3)C)C(=O)O,1,Liew,0.739337682723999
Cc1nccn1CC2CCc3c(c4ccccc4n3C)C2=O,1,Liew,0.5643948316574097
c1ccc2c(c1)C=Cc3ccccc3N2CCCN4CCN(CC4)CCO,1,Liew,0.7125343680381775
CCC(CC)OC1C=C(CC(C1NC(=O)C)N)C(=O)OCC,1,Liew,0.31289559602737427
Cc1c(c(no1)c2ccccc2)C(=O)NC3C4N(C3=O)C(C(S4)(C)C)C(=O)O,1,Liew,0.7933512330055237
CC(C)NCC1CCc2cc(c(cc2N1)N(=O)=O)CO,1,Liew,0.533003032207489
c1ccc(cc1)C2=NC(C(=O)Nc3c2cc(cc3)Cl)O,1,Liew,0.7419314384460449
c1ccc2c(c1)CC(=O)c3ccccc3N2C(=O)N,1,Liew,0.7291237115859985
c1ccc2c(c1)C(C(=O)N2)(c3ccc(cc3)O)c4ccc(cc4)O,1,Liew,0.7139273285865784
c1cc(ccc1Cc2ccc(cc2)N)N,1,Liew,0.5788983106613159
c1cc2c3c(c1)C(=O)N(CC3CCC2)C4CN5CCC4CC5,1,Liew,0.5113242864608765
CC(=O)OC1CC2CCC3C(C2(CC1[N+]4(CCCCC4)C)C)CCC5(C3CC(C5OC(=O)C)[N+]6(CCCCC6)C)C,1,Liew,0.21424174308776855
COc1ccnc(c1OC)CS(=O)c2[nH]c3cc(ccc3n2)OC(F)F,1,Liew,0.667138397693634
CCC1(C(=O)N(C(=O)O1)C)C,1,Liew,0.6142827868461609
CN(C)c1ccc(cc1)N=Nc2ccccc2,1,Liew,0.6810469031333923
CC1CC2C3CCC(C3(CC(C2C4(C1=CC(=O)C=C4)C)O)C)(C(=O)CO)O,1,Liew,0.26932239532470703
CC#CCC(C)C(C=CC1C(CC2C1CC(=CCCCC(=O)O)C2)O)O,1,Liew,0.21095381677150726
CCOC(=O)C(CCc1ccccc1)NC(C)C(=O)N2C(CN(C2=O)C)C(=O)O,1,Liew,0.7335991263389587
CC(C)Cn1cnc2c1c3ccccc3nc2N,1,Liew,0.6842337250709534
c1ccc2c(c1)CC=C2,1,Liew,0.6578660607337952
c1cc(cc(c1)I)CN=C(N)N,1,Liew,0.4634927809238434
c1c(c(c(c(c1I)NC(=O)CCCCC(=O)Nc2c(cc(c(c2I)C(=O)O)I)I)I)C(=O)O)I,1,Liew,0.7267184853553772
CCCCC1=NC2(CCCC2)C(=O)N1Cc3ccc(cc3)c4ccccc4c5n[nH]nn5,1,Liew,0.6778966784477234
CCc1c2cc(ccc2nc-3c1Cn4c3cc5c(c4=O)COC(=O)C5(CC)O)OC(=O)N6CCC(CC6)N7CCCCC7,1,Liew,0.5309796333312988
CC1(COC(C(C1NC)O)OC2C(CC(C(C2O)OC3C(C(C(C(O3)CN)O)O)O)N)NC(=O)C(CN)O)O,1,Liew,0.3688364028930664
C(C(F)(F)F)(OC(F)F)Cl,1,Liew,0.6301916241645813
CC1=C(C(C(=C(N1)C)C(=O)OC(C)C)c2cccc3c2non3)C(=O)OC,1,Liew,0.7478241324424744
CCC(C)C1C(CCC2(O1)CC3CC(O2)CC=C(C(C(C=CC=C4COC5C4(C(C=C(C5O)C)C(=O)O3)O)C)OC6CC(C(C(O6)C)OC7CC(C(C(O7)C)O)OC)OC)C)C,1,Liew,0.5161973834037781
CC1CC=CC=CC(C(CC(C(C(C(CC(=O)O1)OC(=O)C)OC)OC2C(C(C(C(O2)C)OC3CC(C(C(O3)C)OC(=O)CC(C)C)(C)O)N(C)C)O)CC=O)C)O,1,Liew,0.5338496565818787
CCC1CN2CCC1CC2C(c3ccnc4c3cc(cc4)OC)O,1,Liew,0.30488279461860657
CC1C2CCC3(C(C2(CCC1O)C)C(CC4C3(CC(C4=C(CCC=C(C)C)C(=O)O)OC(=O)C)C)O)C,1,Liew,0.4216264486312866
CCOC(=O)c1ccc(cc1)OC(=O)CCCCCN=C(N)N,1,Liew,0.8427659869194031
c1ccc(cc1)C2(CCC(CC2)OP(=O)(O)OCC(CN(CCN(CC(=O)O)CC(=O)O)CC(=O)O)N(CC(=O)O)CC(=O)O)c3ccccc3,1,Liew,0.6134441494941711
CCOc1ccc(cc1)CC(CN(CCN(CC(=O)O)CC(=O)O)CC(=O)O)N(CC(=O)O)CC(=O)O,1,Liew,0.4127306640148163
c1nc2c(n1COC(CO)CO)[nH]c(nc2=O)N,1,Liew,0.7319347262382507
CC1CN(CCN1)c2c(cc3c(c2OC)n(cc(c3=O)C(=O)O)C4CC4)F,1,Liew,0.6964353919029236
COc1cc2c(cc1OCCCN3CCOCC3)c(ncn2)Nc4ccc(c(c4)Cl)F,1,Liew,0.859649121761322
c1cn(c(=O)nc1N)C2C(C(C(O2)CO)O)(F)F,1,Liew,0.7768698334693909
CON=C1CN(CC1CN)c2c(cc3c(=O)c(cn(c3n2)C4CC4)C(=O)O)F,1,Liew,0.5538896918296814
COc1ccc(cc1C(=O)NCCc2ccc(cc2)S(=O)(=O)NC(=O)NC3CCCCC3)Cl,1,Liew,0.7978534698486328
c1cc(c(c(c1)Cl)C=NN=C(N)N)Cl,1,Liew,0.7882819771766663
c1cc(c(c(c1)Cl)CC(=O)N=C(N)N)Cl,1,Liew,0.8674620389938354
CCCCN(CCCC)CCC(c1cc2c(cc(cc2Cl)Cl)c3c1ccc(c3)C(F)(F)F)O,1,Liew,0.5078938007354736
C(C(F)(F)F)(Cl)Br,1,Liew,0.7347991466522217
CC(=O)NC1C(C(C(OC1O)COS(=O)(=O)O)OC2C(C(C(C(O2)C(=O)O)OC3C(C(C(C(O3)CO)OC4C(C(C(C(O4)C(=O)O)O)O)OS(=O)(=O)O)OS(=O)(=O)O)NS(=O)(=O)O)O)OS(=O)(=O)O)O,1,Liew,0.4567188322544098
C1=CC(C2C1C3(C(=C(C2(C3(Cl)Cl)Cl)Cl)Cl)Cl)Cl,1,Liew,0.723255455493927
CC(C)(CCCC(CC(=O)OC)(C(=O)OC1C2c3cc4c(cc3CCN5C2(CCC5)C=C1OC)OCO4)O)O,1,Liew,0.28883683681488037
c1ccc2c(c1)cnnc2NN,1,Liew,0.7582526803016663
CCC(=O)C(CC(C)N(C)C)(c1ccccc1)c2ccccc2,1,Liew,0.3233546316623688
C(C(Cl)Cl)Cl,1,Liew,0.83759605884552
Cc1cnc(s1)NC(=C2C(=O)c3ccccc3S(=O)(=O)N2C)O,1,Liew,0.7383059859275818
c1cc(ccc1CC(C(=O)O)N)N(CCCl)CCCl,1,Liew,0.32786306738853455
CC1C2C(C(=O)N2C(=C1SC3CC(NC3)C(=O)N(C)C)C(=O)O)C(C)O,1,Liew,0.7076667547225952
c1cc(c(cc1N)C(=O)O)O,1,Liew,0.5432617664337158
Cn1cc2c3c1cccc3C4CC(CN(C4C2)C)CNC(=O)OCc5ccccc5,1,Liew,0.3961780071258545
CN1CCC(C1)CN2c3ccccc3Sc4c2cccc4,1,Liew,0.42955079674720764
CCOC(=O)C1=C(NC(=C(C1c2ccccc2C=CC(=O)OC(C)(C)C)C(=O)OCC)C)C,1,Liew,0.582557201385498
C1N2CN3CN1CN(C2)C3,1,Liew,0.21949036419391632
CC1=CC(=O)CC2C1(C3CCC4(C(C3CC2)CCC4OC(=O)C)C)C,1,Liew,0.36678141355514526
CCC#CC(C)C1(C(=O)NC(=O)N(C1=O)C)CC=C,1,Liew,0.4687536358833313
CC(=NOC(=O)NC)SC,1,Liew,0.44192713499069214
COc1c2c(ccc(=O)o2)cc3c1occ3,1,Liew,0.8253807425498962
COc1ccc(cc1)C(c2ccc(cc2)OC)C(Cl)(Cl)Cl,1,Liew,0.5913413763046265
COC(C(Cl)Cl)(F)F,1,Liew,0.7560043334960938
CCl,1,Liew,0.7437477111816406
CNc1ccccc1,1,Liew,0.7833234071731567
CC(C)CC(C(C(=O)NO)O)C(=O)NC(C(=O)NC)C(C)(C)C,1,Liew,0.3120799660682678
c1cc(ncc1Cl)C(=O)NCCN,1,Liew,0.6807481646537781
c1cc2c(c(c1)N)CN(C2=O)C3CCC(=O)NC3=O,1,Liew,0.8112740516662598
CCNC(=O)C1CCCN1C(=O)C(CCCN=C(N)N)NC(=O)C(C(C)C)NC(=O)C(C(C)C)NC(=O)C(Cc2ccc(cc2)O)NC(=O)C(CO)NC(=O)C(Cc3c[nH]c4c3cccc4)NC(=O)C(Cc5cnc[nH]5)NC(=O)C6CCC(=O)N6,1,Liew,0.566506564617157
c1ccc(cc1)C2CN3CCSC3=N2,1,Liew,0.4154587686061859
CCC(C(=O)N)N1CCCC1=O,1,Liew,0.763779878616333
c1ccc(cc1)C(c2ccc(cc2)Cl)N3CCN(CC3)CCOCC(=O)O,1,Liew,0.5611341595649719
c1cc(cc(c1)Cl)C(c2ccc3c(c2)[nH]cn3)n4ccnc4,1,Liew,0.7264356017112732
CC(=O)NCC1CN(C(=O)O1)c2ccc(c(c2)F)N3CCOCC3,1,Liew,0.6335068941116333
CN(CCCN1c2ccccc2CCc3c1cccc3)CC(=O)c4ccc(cc4)Cl,1,Liew,0.6225351691246033
c1ccc2c(c1)c(nn2Cc3ccc(cc3Cl)Cl)C(=O)O,1,Liew,0.8000747561454773
c1ccc(c(c1)C2=NC(C(=O)Nc3c2cc(cc3)Cl)O)Cl,1,Liew,0.7714213132858276
CN1CCN(CC1)C2=Nc3ccccc3Oc4c2cc(cc4)Cl,1,Liew,0.5430078506469727
Cc1c(c(c(cn1)COP(=O)(O)O)CN(CCN(Cc2c(cnc(c2O)C)COP(=O)(O)O)CC(=O)O)CC(=O)O)O,1,Liew,0.7317361235618591
c1cnc(nc1)N2CCN(CC2)Cc3ccc4c(c3)OCO4,1,Liew,0.5651559829711914
c1cc(oc1C=NN2CCOC2=O)N(=O)=O,1,Liew,0.811527669429779
CCCC(=O)Nc1ccc(c(c1)C(=O)C)OCC(CNC(C)C)O,1,Liew,0.37824568152427673
CCCCCCOc1c(nsn1)C2=CCCN(C2)C,1,Liew,0.74503093957901
Cc1cn(c(=O)[nH]c1=O)C2CC(C(O2)CO)N=N#N,1,Liew,0.7989206910133362
c1ccc2c(c1)c(ns2)N3CCN(CC3)CCc4cc5c(cc4Cl)NC(=O)C5,1,Liew,0.6168928742408752
CC(CSC(=O)c1ccccc1)C(=O)N2CC(CC2C(=O)O)Sc3ccccc3,1,Liew,0.6234034895896912
Cc1ccc(cc1)c2c(n3cc(ccc3n2)C)CC(=O)N(C)C,1,Liew,0.6638720035552979
CCOCCO,1,Liew,0.8283731937408447
CC1(C(N2C(S1)C(C2=O)N=CN3CCCCCC3)C(=O)O)C,1,Liew,0.5712113380432129
C1C(C(C(C(C1(CO)O)O)O)O)NC(CO)CO,1,Liew,0.32814648747444153
CCCCCOc1ccc(cc1)c2ccc(cc2)c3ccc(cc3)C(=O)NC4CC(C(NC(=O)C5C(C(CN5C(=O)C(NC(=O)C(NC(=O)C6CC(CN6C(=O)C(NC4=O)C(C)O)O)C(C(c7ccc(cc7)O)O)O)C(C)O)C)O)O)O,1,Liew,0.7394154071807861
CC1C(C(=O)N1S(=O)(=O)O)NC(=O)C(=NOC(C)(C)C(=O)O)c2csc(n2)N,1,Liew,0.5356531739234924
C(CCl)NC(=O)N(CCCl)N=O,1,Liew,0.647666871547699
C[N+]1(CCCC1)CC2=C(N3C(C(C3=O)NC(=O)C(=NOC)c4csc(n4)N)SC2)C(=O)O,1,Liew,0.561266303062439
Cc1c(scn1)CCCl,1,Liew,0.6770864725112915
CC(c1c(cncn1)F)C(Cn2cncn2)(c3ccc(cc3F)F)O,1,Liew,0.4759168028831482
Cc1nnc2n1-c3ccc(cc3C(=NC2)c4ccccc4Cl)Cl,1,Liew,0.8655301928520203
C(=C(Cl)Cl)Cl,1,Liew,0.8093584775924683
CC(CN1c2ccccc2Sc3c1cccc3)CN(C)C,1,Liew,0.5092605948448181
Cc1c(ccc2c1c(nc(n2)N)N)CNc3cc(c(c(c3)OC)OC)OC,1,Liew,0.6608335375785828
CC(CN1c2ccccc2CCc3c1cccc3)CN(C)C,1,Liew,0.31727325916290283
C=C(Cl)Cl,1,Liew,0.8754104971885681
Cc1c(c(c2c(c1O)C3(C(=CC(=O)C(C3=O)C(=O)C)O2)C)C(=O)C)O,1,Liew,0.7289160490036011
CC(C)C(C(=O)OCCOCn1cnc2c1[nH]c(nc2=O)N)N,1,Liew,0.49580487608909607
CCCc1nc(c2n1[nH]c(nc2=O)c3cc(ccc3OCC)S(=O)(=O)N4CCN(CC4)CC)C,1,Liew,0.7979546785354614
CN(C)CC(c1ccc(cc1)OC)C2(CCCCC2)O,1,Liew,0.17806750535964966
Cc1c2cc3nc(cc4c(c(c([nH]4)cc5nc(cc(c1CCC(=O)OC)[nH]2)C(=C5C)CCC(=O)O)C=C)C)C6=CC=C(C(C36C)C(=O)OC)C(=O)OC,1,Liew,0.6183273792266846
COc1ccc(cc1OC)C(=O)N2CCN(CC2)c3ccc4c(c3)CCC(=O)N4,1,Liew,0.6258664131164551
C=CC(CCC(=O)O)N,1,Liew,0.4217778742313385
CCC1=CC2CC(c3c(c4ccccc4[nH]3)CN(C2)C1)(c5cc6c(cc5OC)N(C7C68CCN9C8C(C=CC9)(C(C7(C(=O)OC)O)OC(=O)C)CC)C)C(=O)OC,1,Liew,0.592194676399231
CCc1cc2c(s1)N(C(=O)CN=C2c3ccccc3Cl)C,1,Liew,0.7807952165603638
Cc1c(cnc2c1c(nc(n2)N)N)Cc3cc(ccc3OC)OC,1,Liew,0.5893228054046631
CCCN1C2CC(C3C1CC4(C2N(c5c4cccc5)C)C3O)C(CC)C=O,1,Liew,0.2324581891298294
CCC(C)C(=O)OC1CC(C=C2C1C(C(C=C2)C)CCC(CC(CC(=O)O)O)O)O,1,Liew,0.2478513866662979
Cc1[nH]c2ccc(cc2c(=O)n1)CN(C)c3ccc(s3)C(=O)NC(CCC(=O)O)C(=O)O,1,Liew,0.7406419515609741
CNC(=CN(=O)=O)NCCSCc1ccc(o1)CN(C)C,1,Liew,0.7943394780158997
CS(=O)(=O)c1ccc(cc1)C2=C(C(=O)OC2)c3ccccc3,1,Liew,0.739623486995697
CC1=C(C(=O)C(=C(C1=O)C)C(CCCCCC(=O)O)c2ccccc2)C,1,Liew,0.8024519681930542
C(OC(C(F)(F)F)C(F)(F)F)F,1,Liew,0.5610793828964233
CC1CCC2CC(C(=CC=CC=CC(CC(C(=O)C(C(C(=CC(C(=O)CC(OC(=O)C3CCCCN3C(=O)C(=O)C1(O2)O)C(C)CC4CCC(C(C4)OC)O)C)C)O)OC)C)C)C)OC,1,Liew,0.4179222285747528
CC1CN(CC(N1)C)c2c(c(c3c(c2F)n(cc(c3=O)C(=O)O)C4CC4)N)F,1,Liew,0.705276370048523
C1CCC(CC1)C2CC(NC2)C(=O)O,1,Liew,0.4128226935863495
CC(c1ccc(cc1)C(=O)c2cccs2)C(=O)O,1,Liew,0.8026009798049927
C(C(Cl)Cl)(Cl)Cl,1,Liew,0.839923620223999
CN1CCCCC1CCN2c3ccccc3Sc4c2cc(cc4)SC,1,Liew,0.618438184261322
CN(C)CCCN1c2ccccc2Sc3c1cc(cc3)C(F)(F)F,1,Liew,0.45651692152023315
CN1C2CCC1CC(C2)OC(=O)c3c[nH]c4c3cccc4,1,Liew,0.3679142892360687
C(C(C(C(C(F)(F)Br)(F)F)(F)F)(F)F)(C(C(C(F)(F)F)(F)F)(F)F)(F)F,1,Liew,0.5800615549087524
CC(=O)CCCCn1c(=O)c2c(ncn2C)n(c1=O)C,1,Liew,0.6953111886978149
Cc1ccc(cc1C)S(=O)(=O)O,1,Liew,0.5457847714424133
CC(=O)Oc1cccc2c1C(=O)c3c(cc(cc3OC(=O)C)C(=O)O)C2=O,1,Liew,0.6322236061096191
C(C(CBr)Br)Cl,1,Liew,0.8329588770866394
CN(C)CCC=C1c2ccccc2COc3c1cccc3,1,Liew,0.4073795676231384
C(C(C(CON(=O)=O)ON(=O)=O)ON(=O)=O)ON(=O)=O,1,Liew,0.7403339743614197
CCC(=C)C(=O)c1ccc(c(c1Cl)Cl)OCC(=O)O,1,Liew,0.7118057608604431
CC(Cl)Cl,1,Liew,0.9188397526741028
Cc1c(c(no1)c2c(cccc2Cl)F)C(=O)NC3C4N(C3=O)C(C(S4)(C)C)C(=O)O,1,Liew,0.8543993234634399
C(CC(=O)N)C(C(=O)O)N,1,Liew,0.3820860981941223
Cn1c2ccccc2c(n1)C(=O)NC3CC4CCCC(C3)N4C,1,Liew,0.7807818651199341
CC(C)Cc1ccc(cc1)C(C)C(=O)O,1,Liew,0.39062464237213135
C(I)(I)I,1,Liew,0.5954558253288269
CC1(C(=O)N(C(=O)N1)c2ccc(c(c2)C(F)(F)F)N(=O)=O)C,1,Liew,0.5873922109603882
CC(=O)Oc1ccccc1C(=O)Nc2ncc(s2)N(=O)=O,1,Liew,0.7805272936820984
c1ccc(cc1)C(c2ccccc2)N3CCN(CC3)CCCn4c5ccccc5[nH]c4=O,1,Liew,0.5369530916213989
CC1(c2cccc(c2C(=C3C1C(C4C(C(=O)C(=C(N)O)C(=O)C4(C3=O)O)N(C)C)O)O)O)O,1,Liew,0.7168619632720947
C[n+]1ccc(cc1)c2cc[n+](cc2)C,1,Liew,0.37211576104164124
COc1ccc(cc1OC)C=CC(=O)Nc2ccccc2C(=O)O,1,Liew,0.7359535098075867
Cc1c(cc2cc3c(c(c2c1O)O)C(=O)C(C(C3)C(C(=O)C(C(C)O)O)OC)OC4CC(C(C(O4)C)O)OC5CC(C(C(O5)C)O)OC6CC(C(C(O6)C)O)(C)O)OC7CC(C(C(O7)C)O)OC8CC(C(C(O8)C)O)O,1,Liew,0.6753477454185486
COP(=S)(OC)Oc1cc(c(cc1Cl)Cl)Cl,1,Liew,0.7427782416343689
CCOC(=O)C(CCc1ccccc1)NC(C)C(=O)N2C3CCCC3CC2C(=O)O,1,Liew,0.4922717809677124
c1cc(cc(c1)O)O,1,Liew,0.7743410468101501
Cc1c(c2c3c4c1OC(C4=O)(OC=CC(C(C(C(C(C(C(C(C=CC=C(C(=O)NC(=C2O)C(=CNN5CCN(CC5)C6CCCC6)C3=O)C)C)O)C)O)C)OC(=O)C)C)OC)C)O,1,Liew,0.670491635799408
CC(C(c1ccc(cc1)O)O)NCCc2ccc(cc2)O,1,Liew,0.2878371775150299
CC(C)c1c(c(nc(n1)N(C)S(=O)(=O)C)c2ccc(cc2)F)C=CC(CC(CC(=O)O)O)O,1,Liew,0.5968887805938721
CC(=O)OCC(=O)NCCCOc1cccc(c1)CN2CCCCC2,1,Liew,0.39643916487693787
CCC1C(C(C(C(=NOCOCCOC)C(CC(C(C(C(C(C(=O)O1)C)OC2CC(C(C(O2)C)O)(C)OC)C)OC3C(C(CC(O3)C)N(C)C)O)(C)O)C)C)O)(C)O,1,Liew,0.6437811851501465
c1ccc(c(c1)C(=O)Oc2ccccc2C(=O)O)O,1,Liew,0.8285042643547058
c1cc2c(csc2c(c1)Cl)COC(Cn3ccnc3)c4ccc(cc4Cl)Cl,1,Liew,0.7646103501319885
CC(C)CC(C1(CCC1)c2ccc(cc2)Cl)N(C)C,1,Liew,0.3351828157901764
CCCc1c2c(c(=O)nc([nH]2)c3cc(ccc3OCC)S(=O)(=O)N4CCN(CC4)C)n(n1)C,1,Liew,0.7580628395080566
CC(Cc1cc2c(c(c1)C(=O)N)N(CC2)CCCO)NCCOc3ccccc3OCC(F)(F)F,1,Liew,0.5432272553443909
CCC1Nc2cc(c(cc2C(=O)N1)S(=O)(=O)N)Cl,1,Liew,0.8007510304450989
CN(C)CC1CCCCC1(c2cccc(c2)OC)O,1,Liew,0.2532472312450409
CCC(C(C)O)n1c(=O)n(cn1)c2ccc(cc2)N3CCN(CC3)c4ccc(cc4)OCC5CC(OC5)(Cn6cncn6)c7ccc(cc7F)F,1,Liew,0.5509700179100037
c1ccc(cc1)CCCCOc2ccc(cc2)C(=O)Nc3ccc4c(=O)cc(oc4c3)c5n[nH]nn5,1,Liew,0.8336495757102966
COc1cc2c(cc1OC)nc(nc2N)N3CCN(CC3)C(=O)c4ccco4,1,Liew,0.7770048975944519
CCCN(CCC)S(=O)(=O)c1ccc(cc1)C(=O)O,1,Liew,0.6326566338539124
CCN(CC)CCNC(=O)c1ccc(cc1)N,1,Liew,0.4740007519721985
c1cc(ccc1C(=C2C=C(C=CC2=O)F)NCCCC(=O)N)Cl,1,Liew,0.7223861217498779
CN(C)CCCN1c2ccccc2Sc3c1cccc3,1,Liew,0.5335160493850708
CC12CCC3c4ccc(cc4CCC3C1CCC2(C#C)O)OC5CCCC5,1,Liew,0.3679890036582947
CCC(=O)OC(Cc1ccccc1)(c2ccccc2)C(C)CN(C)C,1,Liew,0.2793644964694977
CC(CCl)Cl,1,Liew,0.861896276473999
c1ccncc1,1,Liew,0.70196133852005
c1ccc2c(c1)C(=Nc3ccccc3S2)N4CCN(CC4)CCOCCO,1,Liew,0.6731255650520325
CCN(CC)CCCC(C)Nc1c2ccc(cc2nc3c1cc(cc3)OC)Cl,1,Liew,0.5521749258041382
c1ccc(cc1)CCCC(=O)O,1,Liew,0.7436336278915405
CNC(=O)c1cc(ccn1)Oc2ccc(cc2)NC(=O)Nc3ccc(c(c3)C(F)(F)F)Cl,1,Liew,0.7868503928184509
CC(C)NCC(c1ccc(cc1)NS(=O)(=O)C)O,1,Liew,0.5037786960601807
CC(c1ccc(s1)C(=O)c2ccccc2)C(=O)O,1,Liew,0.7901111245155334
CC12CCC3C(C1CCC2O)CCC4=CC(=O)CCC34C,1,Liew,0.2616294324398041
C(=C(Cl)Cl)(Cl)Cl,1,Liew,0.8051974177360535
c1ccc2c(c1)C(=O)N(C2=O)C3CCC(=O)NC3=O,1,Liew,0.847055196762085
c1ccc2c(c1)[nH]c(n2)c3cscn3,1,Liew,0.836909294128418
CCSc1ccc2c(c1)N(c3ccccc3S2)CCCN4CCN(CC4)C,1,Liew,0.524442732334137
CCCC(C)C1(C(=O)NC(=S)NC1=O)CC,1,Liew,0.4693860113620758
c1ccc(cc1)S,1,Liew,0.7651799917221069
CC(C)(C)NCC(=O)Nc1cc(c2c(c1O)C(=C3C(C2)CC4C(C(=O)C(=C(N)O)C(=O)C4(C3=O)O)N(C)C)O)N(C)C,1,Liew,0.46566951274871826
CC(C(=O)NCC(=O)O)S,1,Liew,0.4816778600215912
CC1CC2C3CCC4=CC(=O)C=CC4(C3=CCC2(C1C(=O)CN5CCN(CC5)c6cc(nc(n6)N7CCCC7)N8CCCC8)C)C,1,Liew,0.443948358297348
c1cc(c(c2c1nsn2)NC3=NCCN3)Cl,1,Liew,0.9042923450469971
c1ccc(cc1)CC2=NCCN2,1,Liew,0.48888450860977173
CC1(OC2COC3(C(C2O1)OC(O3)(C)C)COS(=O)(=O)N)C,1,Liew,0.5129354596138
CN(C)CCOc1ccc(cc1)C(=C(CCCl)c2ccccc2)c3ccccc3,1,Liew,0.6678386926651001
CN1C(=C(Nc2ccccn2)O)C(=O)c3c(ccs3)S1(=O)=O,1,Liew,0.869804322719574
CC(C)OC(=O)OCOP(=O)(COC(C)Cn1cnc2c1ncnc2N)OCOC(=O)OC(C)C,1,Liew,0.37530189752578735
COc1cc(cc(c1O)OC)C2c3cc4c(cc3C(C5C2C(=O)OC5)OC6C(C(C7C(O6)COC(O7)c8cccs8)O)O)OCO4,1,Liew,0.6208423972129822
c1cc(sc1)C(=O)c2c3cc(ccc3n(c2O)C(=O)N)Cl,1,Liew,0.8385621309280396
CC12CCC3C(C1CCC2(C)O)CCC4C3(Cc5cn[nH]c5C4)C,1,Liew,0.33937445282936096
C=Cc1ccccc1,1,Liew,0.5204070210456848
C(C(C(=O)O)S)(C(=O)O)S,1,Liew,0.2577662169933319
C(C1C(C(C(C(O1)OC2(C(C(C(O2)OS(=O)(=O)O)OS(=O)(=O)O)OS(=O)(=O)O)COS(=O)(=O)O)OS(=O)(=O)O)OS(=O)(=O)O)OS(=O)(=O)O)OS(=O)(=O)O,1,Liew,0.5363106727600098
CCn1ccc(nc1=O)NS(=O)(=O)c2ccc(cc2)N,1,Liew,0.8068886399269104
Cc1c(noc1NS(=O)(=O)c2ccc(cc2)N)C,1,Liew,0.7949182987213135
CCN1CCCC1CNC(=O)c2cc(ccc2OC)S(=O)(=O)N,1,Liew,0.6248670816421509
CC1CC(C2C(CC(C(O2)(C(=O)C(=O)N3CCCCC3C(=O)OC(C(C(CC(=O)C(C=C(C1)C)CC=C)O)C)C(=CC4CCC(C(C4)OC)O)C)O)C)OC)OC,1,Liew,0.5257853269577026
CC(C)(C)NCC(COc1ccc(cc1)NC(=O)NC2CCCCC2)O,1,Liew,0.26990818977355957
CCC(c1cccc(c1)O)C(C)CN(C)C,1,Liew,0.39101025462150574
CCCCCN=C(N)NNC=C1C=Nc2c1cc(cc2)CO,1,Liew,0.8114578723907471
CC1CCC2CC(C(=CC=CC=CC(CC(C(=O)C(C(C(=CC(C(=O)CC(OC(=O)C3CCCCN3C(=O)C(=O)C1(O2)O)C(C)CC4CCC(C(C4)OC)OC(=O)C(C)(CO)CO)C)C)O)OC)C)C)C)OC,1,Liew,0.4436834156513214
c1cc[n+]2c(c1)-c3cccc[n+]3CC2,1,Liew,0.5425395965576172
CC(C)NCC(COc1ccc(cc1)COCCOC(C)C)O,1,Liew,0.20327894389629364
CCNC(C)Cc1cccc(c1)C(F)(F)F,1,Liew,0.3707635998725891
Cc1c(ccnc1CS(=O)c2[nH]c3ccccc3n2)OCC(F)(F)F,1,Liew,0.7215230464935303
CC(CN1CC(=O)NC(=O)C1)N2CC(=O)NC(=O)C2,1,Liew,0.6809743046760559
CCNC(=O)CCCC=CCC1C(CC(C1C=CC(CCc2ccccc2)O)O)O,1,Liew,0.1604960560798645
C(C1C(C(C(C(O1)OCC2C(C(C(C(O2)OCC(C(C(C(C=O)O)O)O)O)O)O)O)O)O)O)O,1,Liew,0.3794555366039276
CN1c2ccc(cc2C(=NCC1=O)c3ccccc3)Cl,1,Liew,0.7233453392982483
Cc1c([nH]c(=O)[nH]1)C(=O)c2ccc(cc2)SC,1,Liew,0.8339188098907471
CCOC(=O)NC1=C(C(=O)C(=C(C1=O)N2CC2)NC(=O)OCC)N3CC3,1,Liew,0.7089173793792725
CC1=NS(=O)(=O)c2cc(ccc2N1)Cl,1,Liew,0.8669857978820801
CC(=O)C(C(=O)Nc1ccccc1)N=Nc2ccc(cc2Cl)c3ccc(c(c3)Cl)N=NC(C(=O)C)C(=O)Nc4ccccc4,1,Liew,0.8684762716293335
CCC(=C(CC)c1ccc(cc1)O)c2ccc(cc2)O,1,Liew,0.6260395646095276
c1cc2c(nc1)C(=C3CCNCC3)c4ccc(cc4CC2)Cl,1,Liew,0.5822583436965942
CN(C)C1C2CC3C(c4c(ccc(c4C(=C3C(=O)C2(C(=O)C(=C(N)O)C1=O)O)O)O)Cl)O,1,Liew,0.597250759601593
CC(=O)C1(CCC2C1(CCC3C2C=C(C4=CC(=O)C5CC5C34C)Cl)C)O,1,Liew,0.24294604361057281
C(CS)N,1,Liew,0.6079104542732239
Cc1cccc(c1NC(=O)c2cnc(s2)Nc3cc(nc(n3)C)N4CCN(CC4)CCO)Cl,1,Liew,0.8236045837402344
c1c(c(=O)[nH]c(=O)n1C2CC(C(O2)CO)O)Br,1,Liew,0.751301109790802
c1nc(nc(=O)n1C2CC(C(O2)CO)O)N,1,Liew,0.5040760636329651
Cc1c(c(=O)ccn1C)O,1,Liew,0.5966822504997253
CCOC(=O)C(CCc1ccccc1)NC(C)C(=O)N(CC(=O)O)C2Cc3ccccc3C2,1,Liew,0.7000870108604431
c1ccc(cc1)c2c(c(=O)nc([nH]2)N)Br,1,Liew,0.7802819013595581
CC(C)Nc1cccnc1N2CCN(CC2)C(=O)c3cc4cc(ccc4[nH]3)NS(=O)(=O)C,1,Liew,0.6316863894462585
C(Br)(Br)Br,1,Liew,0.8454475402832031
C(Cl)(Cl)Br,1,Liew,0.854444682598114
c1ccc2c(c1)c(nnc2NN)NN,1,Liew,0.6420228481292725
CCN1CC(C(C1=O)(c2ccccc2)c3ccccc3)CCN4CCOCC4,1,Liew,0.4699264168739319
c1ccc2c(c1)C(=C(C(=O)C2=O)C3CCC(CC3)c4ccc(cc4)Cl)O,1,Liew,0.8482828736305237
CCC(=C(c1ccc(cc1)OCCN(C)C)c2cccc(c2)O)c3ccccc3,1,Liew,0.6322601437568665
CC(C)(C)C(C(=O)NC(Cc1ccccc1)C(CN(Cc2ccc(cc2)c3ccccn3)NC(=O)C(C(C)(C)C)NC(=O)OC)O)NC(=O)OC,1,Liew,0.5155311822891235
CC1CCN(C(C1)C(=O)O)C(=O)C(CCCN=C(N)N)NS(=O)(=O)c2cccc3c2NCC(C3)C,1,Liew,0.8182446360588074
CCC(Cc1cnc2c(n1)c(nc(n2)N)N)c3ccc(cc3)C(=O)NC(CCC(=O)O)C(=O)O,1,Liew,0.8776095509529114
CCN(CC)CCCN(c1ccccc1)C2Cc3ccccc3C2,1,Liew,0.2486400455236435
CC(c1cc(cc(c1)C(F)(F)F)C(F)(F)F)OC2C(N(CCO2)Cc3[nH][nH]c(=O)n3)c4ccc(cc4)F,1,Liew,0.6637207269668579
Cc1ccc(cc1C)n2c(=O)c(c([nH]2)C)NN=C3C=CC=C(C3=O)c4cccc(c4)C(=O)O,1,Liew,0.7943369150161743
CCOCCn1c2ccccc2nc1N3CCCN(CC3)C,1,Liew,0.3242899775505066
CCOC(=O)C(CCc1ccccc1)NC(C)C(=O)N2CCCC2C(=O)O,1,Liew,0.7041096687316895
C(C(OC(F)F)(F)F)(F)Cl,1,Liew,0.6394957304000854
COc1cc2c(cc1OC)nc(nc2N)N3CCN(CC3)C(=O)C4COc5ccccc5O4,1,Liew,0.7838525176048279
CCNc1nc(nc(n1)Cl)NC(C)C,1,Liew,0.8233869075775146
c1ccc(cc1)C2=c3c4c(sc3=NC(=O)CN2)CCCC4,1,Liew,0.668446958065033
c1cc(cc(c1)N(=O)=O)N(=O)=O,1,Liew,0.9058299660682678
c1ccc(cc1)CC2Nc3cc(c(cc3S(=O)(=O)N2)S(=O)(=O)N)C(F)(F)F,1,Liew,0.7473185658454895
C1COCCO1,1,Liew,0.7434870004653931
c1ccc(cc1)Sc2ccccc2,1,Liew,0.6080198287963867
CCC1C(C2C(C(C(CC(C(C(C(C(C(=O)O1)C)OC3CC(C(C(O3)C)O)(C)OC)C)OC4C(C(CC(O4)C)N(C)C)O)(C)O)C)NC(O2)COCCOC)C)(C)O,1,Liew,0.43685853481292725
c1cc(ccc1C(CC(=O)O)CN)Cl,1,Liew,0.36008593440055847
c1cc(c(cc1Cl)Cl)OCCOS(=O)(=O)O,1,Liew,0.7061814665794373
c1ccc2c(c1)c(c[nH]2)C(=O)OC3CC4CC5CC(C3)N4CC5=O,1,Liew,0.7825138568878174
CC1C2C(C(=O)N2C(=C1SC3CC(NC3)CNS(=O)(=O)N)C(=O)O)C(C)O,1,Liew,0.620635986328125
Cn1cnc(c1Sc2c3c(nc[nH]3)ncn2)N(=O)=O,1,Liew,0.8561833500862122
C1C(C(=O)NO1)N,1,Liew,0.548880398273468
c1ccc(c(c1)CC(=O)NC2C3N(C2=O)C(=C(CS3)CSc4nnnn4CC(=O)O)C(=O)O)CN,1,Liew,0.8104891180992126
CN=C1CN(C(=c2cc(ccc2=N1)Cl)c3ccccc3)O,1,Liew,0.6578877568244934
C(Cl)(Cl)Cl,1,Liew,0.9042003750801086
c1ccc(cc1)C(C(=O)NC2C3N(C2=O)C(=C(CS3)CSc4nnnn4CS(=O)(=O)O)C(=O)O)O,1,Liew,0.7835317850112915
Cc1c(sc(n1)SCC2=C(N3C(C(C3=O)NC(=O)C(=NOC)c4csc(n4)N)SC2)C(=O)O)CC(=O)O,1,Liew,0.8201248049736023
c1ccc(cc1)CCl,1,Liew,0.682957112789154
Cn1c(nnn1)SCC2=C(N3C(C(C3=O)(NC(=O)CSCC#N)OC)SC2)C(=O)O,1,Liew,0.8165217638015747
Cn1c(nnn1)SCC2=C(N3C(C(C3=O)NC(=O)C(=NOC)c4csc(n4)N)SC2)C(=O)O,1,Liew,0.8689755201339722
C=CC1=C(N2C(C(C2=O)NC(=O)C(=NOCC(=O)O)c3csc(n3)N)SC1)C(=O)O,1,Liew,0.8103561997413635
Cc1c(scn1)C=CC2=C(N3C(C(C3=O)NC(=O)C(=NOC)c4csc(n4)N)SC2)C(=O)OCOC(=O)C(C)(C)C,1,Liew,0.6663830876350403
C=CC1=C(N2C(C(C2=O)NC(=O)C(=NO)c3csc(n3)N)SC1)C(=O)O,1,Liew,0.821067750453949
Cc1nnc(s1)SCC2=C(N3C(C(C3=O)NC(=O)Cn4cnnn4)SC2)C(=O)O,1,Liew,0.7878950834274292
CN(C)CCC=C1c2ccccc2Sc3c1cc(cc3)Cl,1,Liew,0.5263441205024719
CC1(c2c(ccc(c2C(=C3C1CC4C(C(=O)C(=C(N)O)C(=O)C4(C3=O)O)N(C)C)O)O)Cl)O,1,Liew,0.7360843420028687
C1(=O)C2(C3(C4(C1(C5(C2(C3(C(C45Cl)(Cl)Cl)Cl)Cl)Cl)Cl)Cl)Cl)Cl,1,Liew,0.5507748126983643
CC(=O)OCC1=C(N2C(C(C2=O)NC(=O)C(=NOC)c3csc(n3)N)SC1)C(=O)O,1,Liew,0.657780110836029
c1ccc(cc1)C(C(=O)NC2C3N(C2=O)C(=C(CS3)Cl)C(=O)O)N,1,Liew,0.8046623468399048
c1cc(ccc1CSc2ccc(cc2)Cl)Cl,1,Liew,0.6294757127761841
c1c(nc(s1)N)C(=CCC(=O)O)C(=O)NC2C3N(C2=O)C(=CCS3)C(=O)O,1,Liew,0.8485860228538513
CON=C(c1csc(n1)N)C(=O)NC2C3N(C2=O)C(=CCS3)C(=O)O,1,Liew,0.8858710527420044
CON=C(c1ccco1)C(=O)NC2C3N(C2=O)C(=C(CS3)COC(=O)N)C(=O)O,1,Liew,0.8354649543762207
c1ccc(cc1)C(C(=O)NC2C3N(C2=O)C(=C(CS3)C[n+]4ccc(cc4)C(=O)N)C(=O)O)S(=O)(=O)O,1,Liew,0.7842379212379456
CC=CC1=C(N2C(C(C2=O)NC(=O)C(c3ccc(cc3)O)N)SC1)C(=O)O,1,Liew,0.8247185349464417
CC1=C(N2C(C(C2=O)NC(=O)C(c3ccccc3)N)SC1)C(=O)O,1,Liew,0.7711634635925293
CON=C(c1csc(n1)N)C(=O)NC2C3N(C2=O)C(=C(CS3)C[n+]4cccc5c4CCC5)C(=O)O,1,Liew,0.810989499092102
CC1OC2(CN3CCC2CC3)CS1,1,Liew,0.37872713804244995
c1cc(ccc1CCCC(=O)O)N(CCCl)CCCl,1,Liew,0.4430463910102844
c1cc(ccc1C(C(CO)NC(=O)C(Cl)Cl)O)N(=O)=O,1,Liew,0.716601550579071
CCC(C)CC(C)CCCCCCCCC(=O)NC1CC(C(NC(=O)C2C(CCN2C(=O)C(NC(=O)C(NC(=O)C3CC(CN3C(=O)C(NC1=O)C(C)O)O)C(C(c4ccc(cc4)O)O)O)C(CCN)O)O)NCCN)O,1,Liew,0.45433834195137024
CCOc1nc2cccc(c2n1Cc3ccc(cc3)c4ccccc4c5n[nH]nn5)C(=O)OC(C)OC(=O)OC6CCCCC6,1,Liew,0.6043322682380676
CC1(C2CCC1(C(=O)C2)C)C,1,Liew,0.31242093443870544
COC(=O)C(c1ccccc1Cl)N2CCc3c(ccs3)C2,1,Liew,0.5223095417022705
c1ccc(cc1)C2=NC(C(=O)Nc3c2cc(cc3)Cl)C(=O)O,1,Liew,0.855562686920166
COCCCCC(=NOCCN)c1ccc(cc1)Cl,1,Liew,0.5859940648078918
CC1=C(C(=O)C(=C(C1=O)OC)OC)CC=C(C)CCC=C(C)CCC=C(C)CCC=C(C)CCC=C(C)CCC=C(C)CCC=C(C)CCC=C(C)CCC=C(C)CCC=C(C)C,1,Liew,0.5351295471191406
Cc1ccc(cc1)O,1,Liew,0.7732065916061401
CN(C)CCC=C1c2ccccc2C=Cc3c1cccc3,1,Liew,0.4151794910430908
c1ccc(c(c1)C2=NCC(=O)Nc3c2cc(cc3)N(=O)=O)Cl,1,Liew,0.9142596125602722
CC1=C(C(C(=C(N1)C)C(=O)OCC=Cc2ccccc2)c3cccc(c3)N(=O)=O)C(=O)OCCOC,1,Liew,0.8480094075202942
C1CCC(=O)NCC1,1,Liew,0.6037237644195557
COc1ccccc1OCCNCC(COc2cccc3c2c4ccccc4[nH]3)O,1,Liew,0.4216017723083496
CC(c1ccc2c3cc(ccc3[nH]c2c1)Cl)C(=O)O,1,Liew,0.7812070846557617
CCn1c2cc3c(cc2c(=O)c(n1)C(=O)O)OCO3,1,Liew,0.7549566030502319
CCCCNC(=O)NS(=O)(=O)c1ccc(cc1)N,1,Liew,0.6304282546043396
CCOC(=O)n1ccn(c1=S)C,1,Liew,0.771746814250946
CC1(C(N2C(S1)C(C2=O)NC(=O)C(c3ccccc3)C(=O)O)C(=O)O)C,1,Liew,0.7094478011131287
C1C=CCC2C1C(=O)N(C2=O)SC(C(Cl)Cl)(Cl)Cl,1,Liew,0.7585857510566711
c1nc2c(nc(nc2n1C3C(C(C(O3)CO)O)F)Cl)N,1,Liew,0.5889330506324768
CC(C)N=c1cc-2n(c3ccccc3nc2cc1Nc4ccc(cc4)Cl)c5ccc(cc5)Cl,1,Liew,0.7302906513214111
CCn1cc(c(=O)c2c1nc(c(c2)F)N3CCNCC3)C(=O)O,1,Liew,0.7750663161277771
CC(C)(C(=O)O)ON=C(c1csc(n1)N)C(=O)NC2C3N(C2=O)C(=C(CS3)C[n+]4ccccc4)C(=O)O,1,Liew,0.7181977033615112
CCN(CC)CCN1c2ccc(cc2C(=NCC1=O)c3ccccc3F)Cl,1,Liew,0.7078694701194763
CC1=C(c2cc(ccc2C1=Cc3ccc(cc3)S(=O)(=O)C)F)CC(=O)O,1,Liew,0.7827060222625732
c1cc(ccc1C2C(C(=O)N2c3ccc(cc3)F)CCC(c4ccc(cc4)F)O)O,1,Liew,0.5483682155609131
c1ccc2c(c1)CCc3ccccc3C2NCCCCCCC(=O)O,1,Liew,0.7147929668426514
CCC(C=CCl)(C#C)O,1,Liew,0.4812546968460083
CC12CCC(=O)C=C1CCC3C2(C(CC4(C3CCC4(C)O)C)O)F,1,Liew,0.24312220513820648
CC(=O)OCC(CCn1cnc2c1nc(nc2)N)COC(=O)C,1,Liew,0.5431166887283325
c1ccc2c(c1)N(c3cc(ccc3S2)C(F)(F)F)CCCN4CCN(CC4)CCO,1,Liew,0.5577979683876038
CCO,1,Liew,0.743818998336792
c1nc2c(n1COCCO)[nH]c(nc2=O)N,1,Liew,0.8723940849304199
CCC1(CC(c2c(cc3c(c2O)C(=O)c4c(cccc4O)C3=O)C1C(=O)OC)OC5CC(C(C(O5)C)OC6CC(C(C(O6)C)OC7CCC(=O)C(O7)C)O)N(C)C)O,1,Liew,0.5301738381385803
c1cn(c(n1)N(=O)=O)CC(=O)NCCO,1,Liew,0.8606763482093811
CC(=O)c1ccc2c(c1)N(c3ccccc3S2)CCCN4CCN(CC4)CCO,1,Liew,0.5075024962425232
CC12CCC3c4ccc(cc4CCC3C1CCC2O)OC(=O)N(CCCl)CCCl,1,Liew,0.43965891003608704
CC(C)(C#N)O,1,Liew,0.4554378390312195
CN(C)c1nc(nc(n1)N(C)C)N(C)C,1,Liew,0.4894687831401825
CCc1cc(ccn1)C(=S)N,1,Liew,0.839920163154602
C1CN1,1,Liew,0.6849276423454285
C1C2C=CC1C3C2C4(C(=C(C3(C4(Cl)Cl)Cl)Cl)Cl)Cl,1,Liew,0.5501171350479126
CC1CCc2cc(cc3c2n1cc(c3=O)C(=O)O)F,1,Liew,0.7671403884887695
C(CCl)Cl,1,Liew,0.8542192578315735
C(CBr)Br,1,Liew,0.7974794507026672
COC1(C2N(C1=O)C(=C(CO2)CSc3nnnn3CCO)C(=O)O)NC(=O)CSC(F)F,1,Liew,0.7664685845375061
C(CCl)O,1,Liew,0.6328128576278687
CN1CCN(CC1)c2c(cc3c(c2F)n(cc(c3=O)C(=O)O)CCF)F,1,Liew,0.660149872303009
CCC12CC(=C)C3C(C1CCC2(C#C)O)CCC4=CC(=O)CCC34,1,Liew,0.39714953303337097
CCCl,1,Liew,0.880797803401947
CN(CCCNC(=O)C1CCCO1)c2nc3cc(c(cc3c(n2)N)OC)OC,1,Liew,0.7521854043006897
CCBr,1,Liew,0.744630753993988
C=CCNc1nc(nc(n1)N2CCN(CC2)C(c3ccc(cc3)F)c4ccc(cc4)F)NCC=C,1,Liew,0.534713864326477
Cc1cc(cc(c1Oc2c(c(nc(n2)Nc3ccc(cc3)C#N)N)Br)C)C#N,1,Liew,0.6367900371551514
CC(CSC(=O)C)C(=O)N1CCCC1C(=O)NC(Cc2ccccc2)C(=O)O,1,Liew,0.5457413196563721
COc1ccc(c(c1)OC)C=C2CCCN=C2c3cccnc3,1,Liew,0.5907135605812073
CC(C)(C)C(=O)OCOP(=O)(COCCn1cnc2c1ncnc2N)OCOC(=O)C(C)(C)C,1,Liew,0.40787258744239807
Cc1c(c2cc(ccc2n1C(=O)c3ccc(cc3)Cl)OC)CC(=O)OCC(=O)O,1,Liew,0.8045490384101868
c1ccc2cc(ccc2c1)O,1,Liew,0.7207576036453247
Cc1nnc2n1-c3ccc(cc3C(=NC2)c4ccccc4)Cl,1,Liew,0.8421210646629333
CC(c1cc(cc(c1)C(F)(F)F)C(F)(F)F)OC2C(N(CCO2)Cc3[nH]n(c(=O)n3)P(=O)(O)O)c4ccc(cc4)F,1,Liew,0.669380247592926
CN(C)CCN1C(=O)c2cccc3c2c(cc(c3)N)C1=O,1,Liew,0.6993752717971802
Cc1c(cc(cc1[N+](=O)[O-])[N+](=O)[O-])[N+](=O)[O-],1,Liew,0.7492627501487732
CC1(C(N2C(S1)C(C2=O)NC(=O)C(c3ccc(cc3)O)N)C(=O)O)C,1,Liew,0.6914421916007996
CC12CCC(=O)C=C1CC(C3C24C(O4)CC5(C3CCC56CCC(=O)O6)C)C(=O)OC,1,Liew,0.276810884475708
c1cc(ccc1C2CNCCc3c2cc(c(c3Cl)O)O)O,1,Liew,0.45169535279273987
CC1C=CC=CC=CC=CC=CC=CC=CC(CC2C(C(CC(O2)(CC(CC(C(CCC(CC(CC(=O)OC(C(C1O)C)C)O)O)O)O)O)O)O)C(=O)O)OC3C(C(C(C(O3)C)O)N)O,1,Liew,0.3766588568687439
CC1(C(N2C(S1)C(C2=O)NC(=O)C(c3ccccc3)N)C(=O)O)C,1,Liew,0.745694100856781
CC1C(O1)P(=O)(O)O,1,Liew,0.5343484282493591
C(C=CCl)Cl,1,Liew,0.8224500417709351
CC(=Cc1ccccc1)C=C2C(=O)N(C(=S)S2)CC(=O)O,1,Liew,0.7519733905792236
CC1=C(C(CCC1)(C)C)C=CC(=CC=CC(=CC(=O)Nc2ccc(cc2)O)C)C,1,Liew,0.560417115688324
CC(C)(C#N)c1cc(cc(c1)C(C)(C)C#N)Cn2cncn2,1,Liew,0.45827504992485046
CCC(=O)OC(C(C)C)OP(=O)(CCCCc1ccccc1)CC(=O)N2CC(CC2C(=O)O)C3CCCCC3,1,Liew,0.48713529109954834
CN(C)N,1,Liew,0.7887322306632996
c1ccc(cc1)c2nc(c(s2)CC(=O)O)c3ccc(cc3)Cl,1,Liew,0.7365689277648926
CCN(CC)C(=O)C(=Cc1cc(c(c(c1)O)O)N(=O)=O)C#N,1,Liew,0.7225455641746521
CCOP(=O)(C(C)NC(=O)N(CCCl)N=O)OCC,1,Liew,0.5385022759437561
c1cc(c(cc1[N+](=O)[O-])[N+](=O)[O-])O,1,Liew,0.702822744846344
CC(C)CN(CC(C(Cc1ccccc1)NC(=O)OC2CCOC2)OP(=O)(O)O)S(=O)(=O)c3ccc(cc3)N,1,Liew,0.4233037531375885
CC(=O)Nc1ccc(cc1)C=NNC(=S)N,1,Liew,0.5767391324043274
COCCOc1cc2c(cc1OCCOC)ncnc2Nc3cccc(c3)C#C,1,Liew,0.7130441069602966
C(CC(=O)O)C(=O)CN,1,Liew,0.4803667664527893
c1ccc(cc1)c2ccc(cc2)C(=O)CCC(=O)O,1,Liew,0.7582775950431824
CC1C2C(C(=O)N2C(=C1SC3CC(NC3)C(=O)Nc4cccc(c4)C(=O)O)C(=O)O)C(C)O,1,Liew,0.824120283126831
Cc1c[nH]nc1,1,Liew,0.747870147228241
CC(C)N(=O)=O,1,Liew,0.6964853405952454
COC1C(C(C(C(O1)COS(=O)(=O)O)OC2C(C(C(C(O2)C(=O)O)OC3C(C(C(C(O3)COS(=O)(=O)O)OC4C(C(C(C(O4)C(=O)O)OC5C(C(C(C(O5)COS(=O)(=O)O)O)O)NS(=O)(=O)O)O)O)OS(=O)(=O)O)NS(=O)(=O)O)O)OS(=O)(=O)O)O)NS(=O)(=O)O,1,Liew,0.6176983118057251
Cc1c(nc[nH]1)CN2CCc3c(c4ccccc4n3C)C2=O,0,Liew,0.804896354675293
CNS(=O)(=O)CCc1ccc2c(c1)c(c[nH]2)C3CCN(CC3)C,0,Liew,0.4319929778575897
CCCCCCCCCc1ccc(cc1)OCCO,0,Liew,0.7083430290222168
c1cc(c(cc1C(F)(F)F)N(=O)=O)C(=O)C2C(=O)CCCC2=O,0,Liew,0.8326032757759094
CC(C)CC1CN2CCc3cc(c(cc3C2CC1=O)OC)OC,0,Liew,0.3013489246368408
c1cc2c(cc1O)C34CCCCC3(C(C2)N(CC4)CC5CCC5)O,0,Liew,0.42236921191215515
CC(CCCC(C)(C)O)C1CCC2C1(CCCC2=CC=C3CC(CC(C3=C)O)O)C,0,Liew,0.2570245563983917
c1ccc2c(c1)CCCC2C3=NCCN3,0,Liew,0.639559805393219
CC(C)(C)NCC(COc1cccc2c1SCCC2)O,0,Liew,0.17611776292324066
CC(C=CC(C1CC1)O)C2CCC3C2(CCCC3=CC=C4CC(CC(C4=C)O)O)C,0,Liew,0.24444948136806488
CC1=C(C(C(=C(N1)C)C(=O)OCCN(C)Cc2ccccc2)c3cccc(c3)N(=O)=O)C(=O)OC,0,Liew,0.8655638098716736
CC1=C(C(C(=C(N1)C)C(=O)OCC(C)C)c2ccccc2N(=O)=O)C(=O)OC,0,Liew,0.8529219627380371
CCC(=O)N(c1ccccc1)C2(CCN(CC2)CCn3c(=O)n(nn3)CC)COC,0,Liew,0.444581538438797
CC12CCC3C(C1CCC(=O)O2)CCC4=CC(=O)C=CC34C,0,Liew,0.3669570982456207
CN(C)CCc1c[nH]c2c1cc(cc2)CS(=O)(=O)N3CCCC3,0,Liew,0.6708207130432129
CCCCOc1cc(ccc1N)C(=O)OCCN(CC)CC,0,Liew,0.256880521774292
CC1(C(N2C(S1)C(C2=O)(NC(=O)C(c3ccsc3)C(=O)O)OC)C(=O)O)C,0,Liew,0.6179130673408508
C[N+](C)(C)CCOC(=O)N,0,Liew,0.4337960183620453
CN1c2ccc(cc2C(=NC(C1=O)O)c3ccccc3)Cl,0,Liew,0.856121838092804
CC(=O)NCCCS(=O)(=O)O,0,Liew,0.3852207660675049
CC(C)N1CCN(CC1)c2ccc(cc2)OCC3COC(O3)(Cn4cncn4)c5ccc(cc5Cl)Cl,0,Liew,0.5306314826011658
c1ccc(cc1)C2c3ccccc3CCN2C(=O)OC4CN5CCC4CC5,0,Liew,0.6179810166358948
CSCCC(C(=O)NCC(=O)NC(Cc1c[nH]c2c1cccc2)C(=O)NC(CCSC)C(=O)NC(CC(=O)O)C(=O)NC(Cc3ccccc3)C(=O)N)NC(=O)C(Cc4ccc(cc4)OS(=O)(=O)O)NC(=O)C(CC(=O)O)N,0,Liew,0.5873339176177979
c1cnc(nc1)[N-]S(=O)(=O)c2ccc(cc2)N,0,Liew,0.8142915368080139
c1c(cc(c(c1I)Oc2cc(c(c(c2)I)O)I)I)CC(C(=O)O)N,0,Liew,0.6699979901313782
CC(C)OC(=O)OC(C)OC(=O)C1=C(CSC2N1C(=O)C2NC(=O)C(=NOC)c3csc(n3)N)COC,0,Liew,0.7653555870056152
c1c2c(cc(c1Cl)S(=O)(=O)N)S(=O)(=O)NC(N2)C(Cl)Cl,0,Liew,0.7405229210853577
CCCC(C)C1(C(=O)NC(=O)NC1=O)CC=C,0,Liew,0.4582628905773163
CC12CCC3C(C1CCC2O)CCC45C3(CC(=C(C4O5)O)C#N)C,0,Liew,0.3072001338005066
CC(C(C1CNc2c(c(=O)nc([nH]2)N)N1)O)O,0,Liew,0.5140616297721863
CN1CCc2cc(c3cc2C1Cc4ccc(cc4)Oc5c6c(cc(c5O)OC)CC[N+](C6Cc7ccc(c(c7)O3)O)(C)C)OC,0,Liew,0.5578562021255493
C(CN(CP(=O)(O)O)CP(=O)(O)O)N(CP(=O)(O)O)CP(=O)(O)O,0,Liew,0.5137047171592712
C(=O)(N)N,0,Liew,0.7304734587669373
CCC(=O)N(c1ccccc1)C2(CCN(CC2)CCc3cccs3)COC,0,Liew,0.31683409214019775
CCCCCC(C)(C=CC1C(CC(C1CC=CCCCC(=O)O)O)O)O,0,Liew,0.1337696611881256
CCCC(C(=O)OCC)NC(C)C(=O)N1C2CCCCC2CC1C(=O)O,0,Liew,0.7392085194587708
CC1CC2C3C(CC4=CC(=O)C=CC4(C3C(CC2(C1(C(=O)CO)O)C)O)C)Cl,0,Liew,0.2190551459789276
CCOCCP(CCOCC)CCP(CCOCC)CCOCC,0,Liew,0.17919281125068665
CCOC(=O)c1ccc(nc1)C#Cc2ccc3c(c2)C(CCS3)(C)C,0,Liew,0.3261016309261322
c1ccc(cc1)C2=NCC(=O)N(c3c2cc(cc3)Cl)CC4CC4,0,Liew,0.6473162770271301
CNC(=O)c1cnn(c1)c2nc(c3c(n2)n(cn3)C4C(C(C(O4)CO)O)O)N,0,Liew,0.7371056079864502
CC(=O)NS(=O)(=O)c1ccc(cc1)N,0,Liew,0.6351031064987183
CC(C)(C)NCC(COc1cccc2c1CCC(=O)N2)O,0,Liew,0.24987941980361938
CCC(=O)N(c1ccccc1)C2(CCN(CC2)CCC(=O)OC)C(=O)OC,0,Liew,0.6098206639289856
CCOc1cc(ccc1C(=O)O)CC(=O)NC(CC(C)C)c2ccccc2N3CCCCC3,0,Liew,0.7582516670227051
c1cc(cnc1)CC(O)(P(=O)(O)O)P(=O)(O)O,0,Liew,0.5308540463447571
COc1ccc(cc1C23CC4CC(C2)CC(C4)C3)c5ccc6cc(ccc6c5)C(=O)O,0,Liew,0.4400840103626251
CC(C)(C)c1ccc(cc1)CN(C)Cc2cccc3c2cccc3,0,Liew,0.43390777707099915
c1cc(c(cc1Cl)Cl)C(Cn2ccnc2)OCc3ccsc3Cl,0,Liew,0.5010919570922852
c1ccc2c(c1)cccc2CC3=NCCN3,0,Liew,0.6266698837280273
CN1CCCC(CC1)n2c(=O)c3ccccc3c(n2)Cc4ccc(cc4)Cl,0,Liew,0.7365111112594604
CCCCCCCCCCCCCCCCCCCCCCO,0,Liew,0.6853939890861511
CCOC(=O)OC(C)OC(=O)C1C(SC2N1C(=O)C2NC(=O)C(c3ccccc3)N)(C)C,0,Liew,0.4953708052635193
c1ccc(cc1)CCCCOCCCCCCNCC(c2ccc(c(c2)CO)O)O,0,Liew,0.31061670184135437
CC(=O)OC1CC2CCC3C(C2(CC1N4CCCCC4)C)CCC5(C3CC(C5OC(=O)C)[N+]6(CCCCC6)C)C,0,Liew,0.22117163240909576
c1cnc2cc3c(cc2n1)C4CC3CNC4,0,Liew,0.766698956489563
c1cc(ccc1C(=O)NCCC(=O)O)NN=C2C=CC(=O)C(=C2)C(=O)O,0,Liew,0.7174747586250305
CC12CCC3C(C1CCC2C(=O)Nc4cc(ccc4C(F)(F)F)C(F)(F)F)CCC5C3(C=CC(=O)N5)C,0,Liew,0.553543210029602
c1cc(ccc1C(=O)NCC(=O)O)N,0,Liew,0.6525712013244629
CCCCC(=O)OCC(=O)C1(Cc2c(c(c3c(c2O)C(=O)c4cccc(c4C3=O)OC)O)C(C1)OC5CC(C(C(O5)C)O)NC(=O)C(F)(F)F)O,0,Liew,0.5858913064002991
Cn1c2ccc(cc2nc1CCCC(=O)O)N(CCCl)CCCl,0,Liew,0.6420454978942871
CCC(C)C1C(=O)NC(C(=O)NC(C(=O)NC(CSSCC(C(=O)NC(C(=O)N1)Cc2ccc(cc2)O)N)C(=O)N3CCCC3C(=O)NC(CC(C)C)C(=O)NCC(=O)N)CC(=O)N)C(C)O,0,Liew,0.5677568912506104
CCCCCCCC(=O)CCC1C(CC(C1CC=CCCCC(=O)O)O)O,0,Liew,0.18307557702064514
CCCC(=O)Nc1c(cc(c(c1I)CC(CC)C(=O)O)I)I,0,Liew,0.22249513864517212
Cc1cc(ccc1NN=C2C(=Cc3cc(cc(c3C2=O)N)S(=O)(=O)O)S(=O)(=O)O)c4ccc(c(c4)C)NN=C5C(=Cc6cc(cc(c6C5=O)N)S(=O)(=O)O)S(=O)(=O)O,0,Liew,0.8532595634460449
c1ccc(cc1)C(c2ccccc2)(C(=O)OC3CC4CCC(C3)[N+]45CCCC5)O,0,Liew,0.42536094784736633
CCN(Cc1ccncc1)C(=O)C(CO)c2ccccc2,0,Liew,0.3926598131656647
c1ccc(cc1)C(=O)NC(Cc2ccc(cc2)O)C(=O)Nc3ccc(cc3)C(=O)O,0,Liew,0.76163250207901
Cc1cc(=O)oc2c1cc3cc(oc3c2C)C,0,Liew,0.7186135649681091
CC1(OC2CC3C4CC(C5=CC(=O)C=CC5(C4C(CC3(C2(O1)C(=O)CO)C)O)C)F)C,0,Liew,0.22026477754116058
C(CCCC(=O)O)CCCC(=O)O,0,Liew,0.679560124874115
c1cc(ccc1CCCCNCC(c2ccc(c(c2)O)O)O)O,0,Liew,0.35453736782073975
c1cc(c(c(c1)Cl)Cl)N2CCN(CC2)CCCCOc3ccc4c(c3)NC(=O)CC4,0,Liew,0.6765173673629761
CCCC(CCC)C(=O)OC1CC2CCC(C1)[N+]2(C)C,0,Liew,0.2888379991054535
CC(C)NCC(COc1ccc(cc1)CCOCC2CC2)O,0,Liew,0.20214225351810455
c1cc(c(c2c1NC3=NC(=O)CN3C2)Cl)Cl,0,Liew,0.6269888281822205
CN1CCc2cccc-3c2C1Cc4c3c(c(cc4)O)O,0,Liew,0.5006601810455322
COc1ccc(cc1)C(=O)N2CCCC2=O,0,Liew,0.7178962230682373
c1c(cc(c(c1Cl)NC2=NCCN2)Cl)N,0,Liew,0.7389504909515381
CN1CCN(CC1)C(=O)OC2c3c(nccn3)C(=O)N2c4ccc(cn4)Cl,0,Liew,0.6847289800643921
CC(C)CN(CC(C(Cc1ccccc1)NC(=O)OC2CCOC2)O)S(=O)(=O)c3ccc(cc3)N,0,Liew,0.6500765085220337
CN(C)CCc1c[nH]c2c1cc(cc2)CC3COC(=O)N3,0,Liew,0.43991217017173767
CC(=O)NC1C(C=C(OC1C(C(CO)O)O)C(=O)O)N=C(N)N,0,Liew,0.46390125155448914
CCN(c1cccc(c1)c2ccnc3n2ncc3C#N)C(=O)C,0,Liew,0.8371357321739197
C1C(C(C(C(O1)O)O)O)O,0,Liew,0.27017584443092346
CC(C(=O)O)O,0,Liew,0.7333911061286926
CCC(=O)OC1(C(CC2C1(CC(C3(C2CCC4=CC(=O)C=CC43C)F)O)C)C)C(=O)CCl,0,Liew,0.31936997175216675
c1ccc(cc1)NC(=O)CCCCCCC(=O)NO,0,Liew,0.6915040612220764
CC(C)c1ccc2c(c1)c(=O)c3cc(c(nc3o2)N)C(=O)O,0,Liew,0.7985414862632751
CC1(OC2CC3C4CCC5=CC(=O)C=CC5(C4C(CC3(C2(O1)C(=O)CO)C)O)C)C,0,Liew,0.196506530046463
c1ccc2c(c1)C(=O)OC23c4ccc(cc4Oc5c3ccc(c5)O)O,0,Liew,0.7567779421806335
c1ccc(cc1)CN2C3C[S+]4CCCC4C3N(C2=O)Cc5ccccc5,0,Liew,0.4399828314781189
CCCC1OC2CC3C4CCC5=CC(=O)C=CC5(C4C(CC3(C2(O1)C(=O)CO)C)O)C,0,Liew,0.23224420845508575
CC(C)[N+](C)(CCC(c1ccccc1)(c2ccccc2)C(=O)N)C(C)C,0,Liew,0.24475494027137756
CCCCS(=O)(=O)NC(Cc1ccc(cc1)OCCCCC2CCNCC2)C(=O)O,0,Liew,0.5959406495094299
CC(=O)NC(COC)C(=O)NCc1ccccc1,0,Liew,0.5228938460350037
C[N+]1(C2CC(CC1C3C2O3)OC(=O)C(c4cccs4)(c5cccs5)O)C,0,Liew,0.294658899307251
CC(C)(C)NCC(COc1cccc2c1CCCC2=O)O,0,Liew,0.3794138431549072
COc1ccc(cc1)C2C(=O)c3ccccc3C2=O,0,Liew,0.8307502865791321
C[N+](C)(C)CC(CC(=O)O)O,0,Liew,0.1507970541715622
c1cc(ccc1SC(P(=O)(O)O)P(=O)(O)O)Cl,0,Liew,0.49006301164627075
CC(C)(C)c1ccc(cc1)CN2CCN(CC2)C(c3ccccc3)c4ccc(cc4)Cl,0,Liew,0.45791783928871155
CCOC(=O)CC(C(=O)OCC)SP(=S)(OC)OC,0,Liew,0.44356435537338257
c1cc(c(c2c1nccn2)Br)NC3=NCCN3,0,Liew,0.764661967754364
CC1(C(N2C(S1)C(C2=O)NC(=O)C(c3ccsc3)C(=O)O)C(=O)O)C,0,Liew,0.5917543768882751
C[N+]1(C2CC(CC1C3C2O3)OC(=O)C(CO)c4ccccc4)C,0,Liew,0.2914386987686157
CC1CC2=C(CCC(=O)C2)C3C1C4CCC(C4(CC3)C)(C#C)O,0,Liew,0.7102295756340027
CN1C(Nc2cc(c(cc2S1(=O)=O)S(=O)(=O)N)Cl)CCl,0,Liew,0.7748362421989441
Cc1ccsc1C(=CCCN2CCCC(C2)C(=O)O)c3c(ccs3)C,0,Liew,0.5176891684532166
c1c([nH]cn1)CC(C(=O)N2CCCC2C(=O)N)NC(=O)C3CCC(=O)N3,0,Liew,0.4882814884185791
CC(C)(C)C(C)(C1CC23CCC1(C4C25CCN(C3Cc6c5c(c(cc6)O)O4)CC7CC7)OC)O,0,Liew,0.2812744975090027
C1CN1P(=S)(N2CC2)N3CC3,0,Liew,0.48282474279403687
CC(C)CC1C(=O)N2CCCC2C3(N1C(=O)C(O3)(C(C)C)NC(=O)C4CN(C5Cc6c7c(cccc7[nH]c6Br)C5=C4)C)O,0,Liew,0.4713127613067627
CC[N+](C)(C)Cc1ccccc1Br,0,Liew,0.39264798164367676
CNC(=NC)NCc1ccccc1,0,Liew,0.7112986445426941
CCN(CC)C(=O)C1CN2CCc3cc(c(cc3C2CC1OC(=O)C)OC)OC,0,Liew,0.41700980067253113
c1c(c(=O)[nH]c(=O)n1C2CC(C(O2)CO)O)C(F)(F)F,0,Liew,0.7552404403686523
c1ccc(cc1)CSCC2=NS(=O)(=O)c3cc(c(cc3N2)Cl)S(=O)(=O)N,0,Liew,0.8124549388885498
C(CNCCNCCN)N,0,Liew,0.5893602967262268
CC[N+](CC)(CC)CCC(c1ccccc1)(C2CCCCC2)O,0,Liew,0.16884005069732666
CC(=O)OCC(=O)C12C(CC3C1(CC(C4(C3CCC5=CC(=O)C=CC54C)F)O)C)OC6(O2)CCCC6,0,Liew,0.21666079759597778
CC1(OC2CC3C4CCC5=CC(=O)CCC5(C4(C(CC3(C2(O1)C(=O)CCl)C)O)F)C)C,0,Liew,0.22075164318084717
CC1=C(C(CCC1)(C)C)C=CC(=CC=CC(=CC=CC=C(C)C=CC=C(C)C=CC2=C(CCCC2(C)C)C)C)C,0,Liew,0.612409770488739
C[N+](C)(C)CC(=O)O,0,Liew,0.3227062225341797
C[N+](C)(CCCCCC[N+](C)(C)C1c2ccccc2-c3c1cccc3)C4c5ccccc5-c6c4cccc6,0,Liew,0.3890831768512726
CCOC(=O)CCCCCCCCC(C)c1ccccc1I,0,Liew,0.21879227459430695
CCCCCC(CCC1C2Cc3cccc(c3CC2CC1O)OCC(=O)O)O,0,Liew,0.23624831438064575
CC(C)OC(=O)CCCC=CCC1C(CC(C1C=CC(COc2cccc(c2)C(F)(F)F)O)O)O,0,Liew,0.3081587553024292
c1c(c(cc2c1NCNS2(=O)=O)S(=O)(=O)N)C(F)(F)F,0,Liew,0.8057970404624939
CC[N+](CC)(CCNC(=O)C(=O)NCC[N+](CC)(CC)Cc1ccccc1Cl)Cc2ccccc2Cl,0,Liew,0.35220128297805786
CCOC(=O)C(CCc1ccccc1)NC(C)C(=O)N2C3CCCCC3CC2C(=O)O,0,Liew,0.7001835703849792
Cc1cccc(c1)Nc2ccncc2S(=O)(=O)NC(=O)NC(C)C,0,Liew,0.6803416013717651
CC(=O)NCc1c(c(c(c(c1I)NC(=O)C)I)C(=O)O)I,0,Liew,0.408584862947464
Cc1ccc(cc1)C(=O)Oc2ccc(cc2OC(=O)c3ccc(cc3)C)C(CNC(C)(C)C)O,0,Liew,0.5869135856628418
CC12CCC3c4ccc(cc4CC(C3C1CCC2O)CCCCCCCCCS(=O)CCCC(C(F)(F)F)(F)F)O,0,Liew,0.3350867033004761
c1cc(ccc1CN2CCCNCCNCCCNCC2)CN3CCCNCCNCCCNCC3,0,Liew,0.37838953733444214
CC1Oc2ccc(cc2O1)C(C)(C)C,0,Liew,0.365164577960968
C(CCl)C(CCCl)N,0,Liew,0.41985654830932617
CC1CC2C3CCC(C3(CC(C2C4(C1=CC(=O)CC4)C)O)C)C(=O)C,0,Liew,0.2536351978778839
CCC(C)(C)C1C(=O)N2CCCC2C3(N1C(=O)C(O3)(C(C)C)NC(=O)C4CC5c6cccc7c6c(c[nH]7)CC5N(C4)C)O,0,Liew,0.4205780029296875
c1ccc2c(c1)c(c[nH]2)CC3C(=O)N4CCCC4C(=O)NC(CSSCCC(=O)NC(C(=O)NCC(=O)NC(C(=O)N3)CC(=O)O)CCCCN=C(N)N)C(=O)N,0,Liew,0.764258861541748
CCCCc1ncc(n1Cc2ccc(cc2)C(=O)O)C=C(Cc3cccs3)C(=O)O,0,Liew,0.6573192477226257
CCCCCC(C=CC1C(CC2C1CC(=CCCCC(=O)O)O2)O)O,0,Liew,0.17957934737205505
C[N+]1(CCCC(C1)OC(=O)C(c2ccccc2)(c3ccccc3)O)C,0,Liew,0.21842320263385773
CCOC(=O)C1(CCN(CC1)C)c2ccccc2,0,Liew,0.32253870368003845
CC(C)(Cc1ccccc1)NC,0,Liew,0.3819856643676758
Cc1cccc(c1NC(=O)C2CCCCN2C)C,0,Liew,0.5605038404464722
c1ccc2c(c1)Cc3ccccc3N4C2CN=C4N,0,Liew,0.7668797969818115
c1ccc2c(c1)C3=NCCN3C2(c4ccc(cc4)Cl)O,0,Liew,0.7710008025169373
C#CC1(CCCCC1)OC(=O)N,0,Liew,0.5395610928535461
CN1CCC23CCCCC2C1Cc4c3cc(cc4)O,0,Liew,0.2966550588607788
CC(Cc1ccccc1)NC(=O)C(CCCCN)N,0,Liew,0.3952738642692566
c1c(cc(c(c1NC(=O)C(=O)O)Cl)NC(=O)C(=O)O)C#N,0,Liew,0.6566514372825623
c1ccc(cc1)C2=NCc3nncn3-c4c2cc(cc4)Cl,0,Liew,0.7061200141906738
C1CCC(CC1)NC(=O)N(CCCl)N=O,0,Liew,0.6517935395240784
CC12CC(C3C(C1CCC2(C(=O)OCCl)O)CCC4=CC(=O)C=CC34C)O,0,Liew,0.33544403314590454
CCCCC(C1(CCC2C(O1)CC(=O)C2CCCCCCC(=O)O)O)(F)F,0,Liew,0.32351934909820557
c1ccc(cc1)CC2C(=O)NC(C(=O)NC(C(=O)NC(CSSCC(C(=O)NC(C(=O)N2)Cc3ccc(cc3)O)N)C(=O)N4CCCC4C(=O)NC(CCCCN)C(=O)NCC(=O)N)CC(=O)N)CCC(=O)N,0,Liew,0.5883820652961731
c1cc(ccc1CN)S(=O)(=O)N,0,Liew,0.7032364010810852
C(CS(=O)(=O)O)S,0,Liew,0.6714131832122803
CC(C)C(C)C=CC(C)C1CCC2C1(CCCC2=CC=C3CC(CC(C3=C)O)O)C,0,Liew,0.36250099539756775
C[N+]1(CCc2cc(c3cc2C1Cc4ccc(cc4)Oc5c6c(cc(c5OC)OC)CC[N+](C6Cc7ccc(c(c7)O3)OC)(C)C)OC)C,0,Liew,0.442842572927475
CCCCCc1cc(c2c(c1)OC(C3C2C=C(CC3)C)(C)C)O,0,Liew,0.268873929977417
CC(=O)Nc1c(c(c(c(c1I)N(C)C(=O)C)I)C(=O)NC2C(C(C(OC2O)CO)O)O)I,0,Liew,0.42435601353645325
CC#CC1(CCC2C1(CC(C3=C4CCC(=O)C=C4CCC23)c5ccc(cc5)N(C)C)C)O,0,Liew,0.4640585780143738
C1C(C(C(C(N1CCO)CO)O)O)O,0,Liew,0.30142942070961
CCCCN1CC(C(C(C1CO)O)O)O,0,Liew,0.18023644387722015
C[N+]1(CCc2cc(c(c(c2C1Cc3cc(c(c(c3)OC)OC)OC)OC)OC)OC)CCCOC(=O)CCC(=O)OCCC[N+]4(CCc5cc(c(c(c5C4Cc6cc(c(c(c6)OC)OC)OC)OC)OC)OC)C,0,Liew,0.34891176223754883
CCNC1CC(S(=O)(=O)c2c1cc(s2)S(=O)(=O)N)C,0,Liew,0.7790722846984863
Cc1cc(c(c(c1OC(=O)C)C)C)OCC(CNC(C)C)O,0,Liew,0.35968297719955444
CCCCOc1ccc(cc1)C(=O)CCN2CCCCC2,0,Liew,0.3002566397190094
CC(C(c1cccc(c1)O)O)N,0,Liew,0.29428982734680176
CN1CCCC1Cc2c[nH]c3c2cc(cc3)CCS(=O)(=O)c4ccccc4,0,Liew,0.6524649858474731
CC(C[N+](C)(C)C)OC(=O)C,0,Liew,0.38302260637283325
CC[N+](C)(CC)CCOC(=O)C1c2ccccc2Oc3c1cccc3,0,Liew,0.3483232855796814
CC(=O)N=c1n(nc(s1)S(=O)(=O)N)C,0,Liew,0.7760268449783325
COc1ccccc1OCC(COC(=O)N)O,0,Liew,0.4533804953098297
CC(CN1c2ccccc2Sc3c1cc(cc3)OC)CN(C)C,0,Liew,0.47049522399902344
C[N+]1(CCC23c4c5ccc(c4OC2C(=O)CCC3(C1C5)O)O)CC6CC6,0,Liew,0.19218386709690094
C(CC(C(F)F)(C(=O)O)N)CN,0,Liew,0.36797210574150085
C(CN(CC(=O)O)CC(=O)O)N(CC(=O)O)CC(=O)O,0,Liew,0.4648747444152832
CC1(CC(=O)N(C1=O)C)c2ccccc2,0,Liew,0.6456170082092285
CCOP(=O)(OCC)SCC[N+](C)(C)C,0,Liew,0.2476399689912796
Cn1c2c(c(=O)n(c1=O)C)n(cn2)CC(CO)O,0,Liew,0.6963621377944946
CC1CN(CCC1(c2ccccc2)C(=O)O)C3CCC(CC3)(C#N)c4ccc(cc4)F,0,Liew,0.6499343514442444
C1CCC2(CC1)OCC(O2)CN=C(N)N,0,Liew,0.6426243782043457
C(CCCN=C(N)N)CCC(=O)NC(C(=O)NCCCCNCCCN)O,0,Liew,0.5717553496360779
c1ccc(cc1)C2=NCC(=O)N(c3c2cc(cc3)Cl)CC(F)(F)F,0,Liew,0.7030498385429382
CCC(=O)OC1(C(CC2C1(CC(C3(C2CC(C4=CC(=O)C=CC43C)F)F)O)C)C)C(=O)CCl,0,Liew,0.18352501094341278
CC1(OC2CC3C4CC(C5=CC(=O)CCC5(C4C(CC3(C2(O1)C(=O)CO)C)O)C)F)C,0,Liew,0.1891910433769226
c1c([nH]cn1)CCN,0,Liew,0.6428055763244629
CN1C2CCC1CC(C2)OC(=O)C(c3ccccc3)O,0,Liew,0.20296865701675415
c1cc(oc1)CNc2c3c(nc[nH]3)ncn2,0,Liew,0.7902109622955322
CC1CC2C3CCC(C3(CC(C2(C4(C1=CC(=O)C=C4)C)F)O)C)(C(=O)C)O,0,Liew,0.39592158794403076
CC(=O)OCC(=O)C12C(CC3C1(CC(C4(C3CC(C5=CC(=O)C=CC54C)F)F)O)C)OC(O2)(C)C,0,Liew,0.2534581422805786
CCN(CCCC(C)Nc1ccnc2c1ccc(c2)Cl)CCO,0,Liew,0.4460846483707428
CC1CC2C3CC(C4=CC(=O)C=CC4(C3(C(CC2(C1(C(=O)SCF)O)C)O)F)C)F,0,Liew,0.30195537209510803
CC(C)CC(C(=O)NC(CCCN=C(N)N)C(=O)N1CCCC1C(=O)NNC(=O)N)NC(=O)C(COC(C)(C)C)NC(=O)C(Cc2ccc(cc2)O)NC(=O)C(CO)NC(=O)C(Cc3c[nH]c4c3cccc4)NC(=O)C(Cc5cnc[nH]5)NC(=O)C6CCC(=O)N6,0,Liew,0.5136917233467102
C(CC(=O)O)CO,0,Liew,0.7635318040847778
CC(C)c1cccc(c1OCOP(=O)(O)O)C(C)C,0,Liew,0.2544204890727997
CNC(=O)CN(CCN(CCN(CC(=O)NC)CC(=O)O)CC(=O)O)CC(=O)O,0,Liew,0.33327341079711914
c1ccc(cc1)C2(C(=O)N(C(=O)N2)COP(=O)(O)O)c3ccccc3,0,Liew,0.7181443572044373
CC(CN1CCN(CCN(CCN(CC1)CC(=O)O)CC(=O)O)CC(=O)O)O,0,Liew,0.4301796853542328
COCCNC(=O)CN(CCN(CCN(CC(=O)NCCOC)CC(=O)O)CC(=O)O)CC(=O)O,0,Liew,0.21252542734146118
CC[N+](CC)(CC)CCOc1cccc(c1OCC[N+](CC)(CC)CC)OCC[N+](CC)(CC)CC,0,Liew,0.14053168892860413
CC(C)CC(C(=O)NC(CCCN=C(N)N)C(=O)N1CCCC1C(=O)NCC(=O)N)NC(=O)CNC(=O)C(Cc2ccc(cc2)O)NC(=O)C(CO)NC(=O)C(Cc3c[nH]c4c3cccc4)NC(=O)C(Cc5cnc[nH]5)NC(=O)C6CCC(=O)N6,0,Liew,0.5392805933952332
CC12CCC(=O)C(=C1CCC3C2CCC4(C3CCC4=O)C)O,0,Liew,0.7653554677963257
CC1(COC(C(C1NC)O)OC2C(CC(C(C2O)OC3C(CCC(O3)CN)N)N)N)O,0,Liew,0.28134429454803467
CN(C)c1ccc(cc1)C(=C2C=CC(=[N+](C)C)C=C2)c3ccc(cc3)N(C)C,0,Liew,0.6504060626029968
C[N+]1(CCC(C1)OC(=O)C(c2ccccc2)(C3CCCC3)O)C,0,Liew,0.1732664406299591
CC1(OC2CC3C4CC(C5=CC(=O)C=CC5(C4(C(CC3(C2(O1)C(=O)CO)C)O)F)C)F)C,0,Liew,0.23629878461360931
c1ccc(cc1)C=CCN2CCN(CC2)C(c3ccc(cc3)F)c4ccc(cc4)F,0,Liew,0.44236698746681213
CCCN(CC)C(CC)C(=O)Nc1c(cccc1C)C,0,Liew,0.2031097114086151
CCC(C(c1ccc(c(c1)O)O)O)NC(C)C,0,Liew,0.40955108404159546
CC(C)OP(=O)(OC(C)C)F,0,Liew,0.36489570140838623
C1C(C2C(O1)C(CO2)ON(=O)=O)ON(=O)=O,0,Liew,0.7772695422172546
CCOC(=O)C1=C(NC(=C(C1c2cccc(c2Cl)Cl)C(=O)OC)C)C,0,Liew,0.8022903800010681
Cc1nc(cs1)C=C(C)C2CC3C(O3)(CCCC(C(C(C(=O)C(C(CC(=O)N2)O)(C)C)C)O)C)C,0,Liew,0.37931832671165466
CC(=O)N(CC(CO)O)c1c(c(c(c(c1I)C(=O)NCC(CO)O)I)C(=O)NCCO)I,0,Liew,0.23044711351394653
CC(C)C1C(=O)NC(CSSCC(C(=O)NC(C(=O)NC(C(=O)NC(C(=O)N1)CCCCN)Cc2c[nH]c3c2cccc3)Cc4ccc(cc4)O)NC(=O)C(Cc5ccc6ccccc6c5)N)C(=O)NC(C(C)O)C(=O)N,0,Liew,0.5879067182540894
CC(C)OC(=O)CCCC=CCC1C(CC(C1CCC(CCc2ccccc2)O)O)O,0,Liew,0.22362659871578217
CCOC(=O)c1cncn1C(C)c2ccccc2,0,Liew,0.40539392828941345
CN(C)C=Nc1c(cc(c(c1I)CCC(=O)O)I)I,0,Liew,0.2785399854183197
C(CO)N(c1c(c(c(c(c1I)C(=O)NCC(CO)O)I)C(=O)NCC(CO)O)I)C(=O)CO,0,Liew,0.27328404784202576
CC1CC2C3CC(C4=CC(=O)C=CC4(C3(C(CC2(C1(C(=O)CO)O)C)O)F)C)F,0,Liew,0.26701685786247253
CC1(c2c3ccccc3ccc2[N+](=C1C=CC=CC=CC=C4C(c5c6ccccc6ccc5N4CCCCS(=O)(=O)O)(C)C)CCCCS(=O)(=O)O)C,0,Liew,0.6559916138648987
CN(CC(CO)O)C(=O)c1c(c(c(c(c1I)NC(=O)C(CO)CO)I)C(=O)N(C)CC(CO)O)I,0,Liew,0.47732266783714294
CN(c1c(c(c(c(c1I)C(=O)NC(CO)C(CO)O)I)C(=O)NC(CO)C(CO)O)I)C(=O)CC(=O)N(C)c2c(c(c(c(c2I)C(=O)NC(CO)C(CO)O)I)C(=O)NC(CO)C(CO)O)I,0,Liew,0.5821840763092041
CC(CN(c1c(cc(c(c1I)N)I)I)C(=O)C)C(=O)O,0,Liew,0.39084574580192566
CC(C)C(=O)Oc1ccc(cc1C(CCN(C(C)C)C(C)C)c2ccccc2)CO,0,Liew,0.2959035038948059
CC(=O)N(CC(CO)O)c1c(c(c(c(c1I)C(=O)NCC(CO)O)I)C(=O)NCC(CO)O)I,0,Liew,0.29425400495529175
CCC(Cc1c(cc(c(c1I)N)I)I)C(=O)O,0,Liew,0.4808526933193207
CCC(=O)OC1CC(=O)OC(CC=CC=CC(C(CC(C(C1OC)OC2C(C(C(C(O2)C)OC3CC(C(C(O3)C)OC(=O)CC)(C)OC(=O)C)N(C)C)O)CC=O)C)OC(=O)C)C,0,Liew,0.3259373903274536
c1cc(c(c(c1)F)Cn2cc(nn2)C(=O)N)F,0,Liew,0.7898874878883362
CNC1CCc2c(c3cc(ccc3[nH]2)C(=O)N)C1,0,Liew,0.7146310210227966
COc1cc(cc(c1OC)OC)C2c3cc4c(cc3C(C5C2C(=O)OC5)O)OCO4,0,Liew,0.5492714643478394
CCC(C)CCCCC(=O)NC(CCN)C(=O)NC(C(C)O)C(=O)NC(CCN)C(=O)NC1CCNC(=O)C(NC(=O)C(NC(=O)C(NC(=O)C(NC(=O)C(NC(=O)C(NC1=O)CCN)Cc2ccccc2)CC(C)C)CCN)CCN)C(C)O,0,Liew,0.4880228340625763
C=Cc1ccccc1S(=O)(=O)O,0,Liew,0.6215855479240417
CN1C(Nc2cc(c(cc2S1(=O)=O)S(=O)(=O)N)Cl)CSCC(F)(F)F,0,Liew,0.7842398881912231
C[N+]12CCC(CC1)C(C2)OC(=O)C(c3ccccc3)(c4ccccc4)O,0,Liew,0.3051871359348297
CN1C=CC=CC1=CN=O,0,Liew,0.7102833390235901
CCCC(=O)OCOC(=O)C1=C(NC(=C(C1c2cccc(c2Cl)Cl)C(=O)OC)C)C,0,Liew,0.7359759211540222
CCC(=O)OCC(=O)C1(CCC2C1(CC(C3C2CCC4=CC(=O)C=CC34C)O)C)OC(=O)OCC,0,Liew,0.5621154308319092
CCCNC(C)C(=O)Nc1ccccc1C,0,Liew,0.5025182962417603
CCN(CC)CCOC(=O)c1ccc(cc1)N,0,Liew,0.5818217396736145
CC(c1cccc2c1cccc2)NCCCc3cccc(c3)C(F)(F)F,0,Liew,0.593666136264801
CC1CC2C3CC(C4=CC(=O)C=CC4(C3(C(CC2(C1C(=O)CO)C)O)Cl)C)F,0,Liew,0.25271981954574585
CC(C)(C)NCC(c1ccc(c(n1)CO)O)O,0,Liew,0.3036011755466461
C1CN(CCN1C(=O)CCBr)C(=O)CCBr,0,Liew,0.5502364635467529
CC1C(OCCN1)c2ccccc2,0,Liew,0.4090024530887604
CC1(C(N2C(S1)C(C2=O)NC(=O)C3(CCCCC3)N)C(=O)O)C,0,Liew,0.6346431374549866
Cc1cc2c(cc1C)n(cn2)C3C(C(C(O3)CO)OP(=O)(O)OC(C)CNC(=O)CCC4(C(C5=NC4=C(C6=NC(=CC7=NC(=C(C8=NC5(C(C8CCC(=O)N)(C)CC(=O)N)C)C)C(C7CCC(=O)N)(C)CC(=O)N)C(C6CCC(=O)N)(C)C)C)CC(=O)N)C)O,0,Liew,0.710646390914917
CCN(c1ccccc1C)C(=O)C=CC,0,Liew,0.39589786529541016
c1cc2c(c(c1)OCC(COc3cccc4c3c(=O)cc(o4)C(=O)O)O)c(=O)cc(o2)C(=O)O,0,Liew,0.6522579193115234
Cc1[nH]c2c(n1)-c3ccccc3N(CC2)C(=O)c4ccc(cc4)NC(=O)c5ccccc5c6ccccc6,0,Liew,0.7828980088233948
C1CNCCN1,0,Liew,0.7556402683258057
CCC(c1ccccc1)c2c(=O)c3ccccc3oc2O,0,Liew,0.6336557865142822
CCC1C=C(CC(CC(C2C(CC(C(O2)(C(=O)C(=O)N3CCCCC3C(=O)OC(C(C(CC1=O)O)C)C(=CC4CCC(C(C4)OC)Cl)C)O)C)OC)OC)C)C,0,Liew,0.6202115416526794
CC(=O)OC1CC2CCC3C(C2(CC1N4CC[N+](CC4)(C)C)C)CCC5(C3CC(C5OC(=O)C)N6CC[N+](CC6)(C)C)C,0,Liew,0.20370133221149445
c1cn(c(=O)nc1N)CC(CO)OCP(=O)(O)O,0,Liew,0.7316643595695496
CC(C)C(=O)OCC(=O)C12C(CC3C1(CC(C4C3CCC5=CC(=O)C=CC45C)O)C)OC(O2)C6CCCCC6,0,Liew,0.23184223473072052
CCC(=O)OC1C(CC2C1(CCC3C2CCC4C3(CC(C(C4)OC(=O)C)N5CCCCC5)C)C)[N+]6(CCCCC6)CC=C,0,Liew,0.2709125578403473
C#CCNC1CCc2c1cccc2,0,Liew,0.527062714099884
COc1ccc2c(c1)[nH]c3c2CCN4C3CC5C(C4)CC(C(C5C(=O)OC)OC)OC(=O)C=Cc6cc(c(c(c6)OC)OC)OC,0,Liew,0.522793710231781
COc1ccc2c(c1)[nH]c3c2CCN4C3CC5C(C4)CC(C(C5C(=O)OC)OC)OC(=O)c6cc(c(c(c6)OC)OC)OC,0,Liew,0.759722113609314
CC1CCC23CCC(=O)C2C1(C(CC(C(C3C)O)(C)C=C)OC(=O)CSC4CC5CCC(C4)N5C)C,0,Liew,0.22144387662410736
CCCCC(C(=O)NC(CC(=O)O)C(=O)NC(Cc1ccccc1)C(=O)N)NC(=O)C(Cc2c[nH]c3c2cccc3)NC(=O)CNC(=O)C(C(C)O)NC(=O)C(Cc4ccc(cc4)OS(=O)(=O)O)N,0,Liew,0.552982747554779
CCC(=O)C1(C(CC2C1(CC(C3C2CCC4=CC(=O)C=CC34C)O)C)C)C,0,Liew,0.21495284140110016
CCC(=O)NCCC1CCc2c1c3c(cc2)OCC3,0,Liew,0.5111063718795776
CCN(C)C(=O)Oc1cccc(c1)C(C)N(C)C,0,Liew,0.3319225609302521
CN(C)CCc1c[nH]c2c1cc(cc2)Cn3cncn3,0,Liew,0.559492826461792
CCCN(CCC)CCc1cccc2c1CC(=O)N2,0,Liew,0.45131200551986694
CCCN1CCCCC1C(=O)Nc2c(cccc2C)C,0,Liew,0.408648818731308
CCCN(CCc1cccs1)C2CCc3c(cccc3O)C2,0,Liew,0.2498863935470581
Cc1cccc(c1NC(=O)CN2CCN(CC2)CC(COc3ccccc3OC)O)C,0,Liew,0.49481484293937683
CC(C)(C(=O)NCCS(=O)(=O)O)Oc1ccc(cc1)C(=O)c2ccc(cc2)Cl,0,Liew,0.7626590132713318
c1cc(ccc1OCC(CO)O)Cl,0,Liew,0.5520122051239014
CC(C)[N+](C)(CCOC(=O)C1c2ccccc2Oc3c1cccc3)C(C)C,0,Liew,0.36322349309921265
CCCOc1ccc(cc1N)C(=O)OCCN(CC)CC,0,Liew,0.3730926811695099
CCC(=O)c1ccc2c(c1)N(c3ccccc3S2)CC(C)N(C)C,0,Liew,0.6185614466667175
c1ccc2c(c1)C(=O)NC2(c3ccc(c(c3)S(=O)(=O)N)Cl)O,0,Liew,0.8793201446533203
CCCOC(=O)Cn1cc(c(=O)c(c1)I)I,0,Liew,0.5670115351676941
c1cc2c(cc(c(c2nc1)O)Cl)Cl,0,Liew,0.7765905261039734
CCN(CC)CCOC(=O)c1ccc(cc1Cl)N,0,Liew,0.5653694868087769
Cc1cc(c(n1c2ccccc2)C)C=Cc3ccc4cc(ccc4[n+]3C)N(C)C,0,Liew,0.6284807324409485
c1ccc(c(c1)C2=NCC(=S)N(c3c2cc(cc3)Cl)CC(F)(F)F)F,0,Liew,0.8107655048370361
COc1ccc(cc1)C(=C(c2ccc(cc2)OC)Cl)c3ccc(cc3)OC,0,Liew,0.6930621266365051
CCN(CC)CCCC(C)Nc1ccnc2c1ccc(c2)Cl,0,Liew,0.37874361872673035
CCCN1CC(CC2C1Cc3c[nH]c4c3c2ccc4)CSC,0,Liew,0.3366891145706177
CCCC(C)C1(C(=O)NC(=O)NC1=O)CC,0,Liew,0.4353378117084503
CCN(CC)C(C)C(=O)c1ccccc1,0,Liew,0.27290529012680054
CC1C(C(CC(O1)OC2C(OC(CC2O)OC3C(OC(CC3O)OC4CCC5(C(C4)CCC6C5CCC7(C6(CCC7C8=CC(=O)OC8)O)C)C)C)C)O)O,0,Liew,0.5363420248031616
CCCC(=O)OC1(CCC2C1(CC(C3(C2CC(C4=CC(=O)C=CC43C)F)F)O)C)C(=O)COC(=O)C,0,Liew,0.2545255720615387
CCCc1c2c(cc3c1oc(cc3=O)C(=O)O)c(=O)cc(n2CC)C(=O)O,0,Liew,0.8397498726844788
c1ccc(cc1)C(=O)c2cccc(c2N)CC(=O)N,0,Liew,0.7591503262519836
c1cc(c(cc1N(=O)=O)Cl)NC(=O)c2cc(ccc2O)Cl,0,Liew,0.8884044289588928
CN1CCCC1c2cccnc2,0,Liew,0.4100508391857147
CC=C(c1ccc(cc1)O)C(=CC)c2ccc(cc2)O,0,Liew,0.6746761202812195
c1ccc2c(c1)c(=O)c(c(o2)O)Cc3c(=O)c4ccccc4oc3O,0,Liew,0.8665439486503601
CCCCOc1cc(c2ccccc2n1)C(=O)NCCN(CC)CC,0,Liew,0.6768440008163452
C=CCN1CCC23c4c5ccc(c4OC2C(=O)CCC3(C1C5)O)O,0,Liew,0.43728119134902954
c1cc(c2c3c1CC4C5(C3(CCN4CC6CCC6)C(O2)C(CC5)O)O)O,0,Liew,0.2754141688346863
C(C(CON(=O)=O)ON(=O)=O)ON(=O)=O,0,Liew,0.6721421480178833
c1cc(cc(c1)Nc2c(cccn2)C(=O)OCCN3CCOCC3)C(F)(F)F,0,Liew,0.7114150524139404
C[N+]1(CCc2cc(c(cc2C1Cc3cc(c(c(c3)OC)OC)OC)OC)OC)CCCOC(=O)CCC=CCCC(=O)OCCC[N+]4(CCc5cc(c(cc5C4Cc6cc(c(c(c6)OC)OC)OC)OC)OC)C,0,Liew,0.4892284572124481
c1ccc(cc1)COc2ccc(cc2)O,0,Liew,0.7627542614936829
CC(C)(C)C(=O)Oc1ccc(cc1OC(=O)C(C)(C)C)C(CNC)O,0,Liew,0.3890816867351532
c1ccc(cc1)C(CCCN2CCCCC2)(c3ccccc3)O,0,Liew,0.45583832263946533
CN(CC=Cc1ccccc1)Cc2cccc3c2cccc3,0,Liew,0.39871925115585327
CC(C1C(O1)CC2COC(C(C2O)O)CC(=CC(=O)OCCCCCCCCC(=O)O)C)C(C)O,0,Liew,0.383651465177536
CCCCCC(C=CC1C(CC(C1CC=CCCCC(=O)O)O)O)O,0,Liew,0.1588408350944519
CCCCCCC(C)(C)c1cc(c2c(c1)OC(C3C2CC(=O)CC3)(C)C)O,0,Liew,0.3553352653980255
c1cc(oc1C=NNC(=O)N)N(=O)=O,0,Liew,0.8112002611160278
CC(C)COC(=O)NCCC(=O)NC(Cc1c[nH]c2c1cccc2)C(=O)NC(CCSC)C(=O)NC(CC(=O)O)C(=O)NC(Cc3ccccc3)C(=O)N,0,Liew,0.6458991169929504
CC(C=CC(C)C(C)(C)O)C1CCC2C1(CCCC2=CC=C3CC(CC(C3)O)O)C,0,Liew,0.2047121524810791
CN1CCCN=C1COC(=O)C(c2ccccc2)(C3CCCCC3)O,0,Liew,0.2696692943572998
c1ccc(cc1)C(c2ccccc2)(C3CCN(C3)CCc4ccc5c(c4)CCO5)C(=O)N,0,Liew,0.466630756855011
Cc1ccccc1N2CCN(CC2)CCc3nnc4n3CCCC4,0,Liew,0.49823105335235596
COCCOC(=O)NCCCCC(C(=O)NCCCCCOP(=O)(C)O)NC(=O)OCCOC,0,Liew,0.5472948551177979
c1c2c(cc(c1Cl)S(=O)(=O)N)S(=O)(=O)NC(N2)C3CC4CC3C=C4,0,Liew,0.8088318109512329
c1nc2c(n1CCC(CO)CO)[nH]c(nc2=O)N,0,Liew,0.871886670589447
c1cc(ccc1C(CCCN2CCC(CC2)(c3ccc(c(c3)C(F)(F)F)Cl)O)c4ccc(cc4)F)F,0,Liew,0.5666702389717102
CN(C)CCOC(=O)C(c1ccccc1)C2(CCCC2)O,0,Liew,0.3326287865638733
Cc1cc(c(c(c1CC2=NCCN2)C)O)C(C)(C)C,0,Liew,0.358285516500473
CC12CCCCCC(C1N)Cc3c2cc(cc3)O,0,Liew,0.6812511682510376
CN(C)CCC=C1c2ccccc2COc3c1cc(cc3)CC(=O)O,0,Liew,0.6126955151557922
C(C1C(C(C(C(O1)O)O)O)O)O,0,Liew,0.34669530391693115
CC1C=CC=CCCC=CC=CC=CC=CC(CC2C(C(CC(O2)(CC(C(CCC(CC(CC(CC(=O)OC(C(C1O)C)C)O)O)O)O)O)O)O)C(=O)O)OC3C(C(C(C(O3)C)O)N)O,0,Liew,0.38379552960395813
Cc1cccc(c1C)C(C)c2cnc[nH]2,0,Liew,0.5132206082344055
CN(C)CC(c1ccc(cc1)O)C2(CCCCC2)O,0,Liew,0.31266555190086365
CC(C)NCC(COc1ccccc1OCC=C)O,0,Liew,0.20028015971183777
CC1CC2C3CCC4=CC(=O)C=CC4(C3(C(CC2(C1C(=O)CO)C)O)F)C,0,Liew,0.2601790428161621
c1ccc(cc1)CC2C(=O)NC(C(=O)NC(C(=O)NC(CSSCCC(=O)NC(C(=O)N2)Cc3ccc(cc3)O)C(=O)N4CCCC4C(=O)NC(CCCN=C(N)N)C(=O)NCC(=O)N)CC(=O)N)CCC(=O)N,0,Liew,0.7364412546157837
CC1C(C(CC(O1)OC2CCC3(C(C2)CCC4C3CC(C5(C4(CCC5C6=CC(=O)OC6)O)C)O)C)O)OC7CC(C(C(O7)C)OC8CC(C(C(O8)C)OC9C(C(C(C(O9)CO)O)O)O)O)O,0,Liew,0.3732771873474121
COc1cc(cc(c1OC)OC)C(=O)OC2CC3CN4CCc5c6ccccc6[nH]c5C4CC3C(C2OC)C(=O)OC,0,Liew,0.6370208263397217
CN(CCCCCCCCCCN(C)C(=O)Oc1cccc(c1)[N+](C)(C)C)C(=O)Oc2cccc(c2)[N+](C)(C)C,0,Liew,0.4543413817882538
c1cc(c(cc1Cl)Cl)CON=C(Cn2ccnc2)c3ccc(cc3Cl)Cl,0,Liew,0.6360771059989929
