SMILES,Label,ref,mlp_prob
CC(Cc1ccc(c(c1)O)O)(C(=O)O)N,1,NCTR,0.40403980016708374
Cc1c(c2ccc(cc2n1CC(=O)O)OC)C(=O)c3ccc(cc3)Cl,1,NCTR,0.6545999646186829
CN1C(S(=O)(=O)CCC1=O)c2ccc(cc2)Cl,1,NCTR,0.7236692905426025
CC(=O)OC1C(Sc2ccccc2N(C1=O)CCN(C)C)c3ccc(cc3)OC,1,NCTR,0.7423020005226135
c1nc2c(n1C3CC(C(O3)CO)O)NC=NCC2O,1,NCTR,0.6865047216415405
CC(=O)N1CCN(CC1)c2ccc(cc2)OCC3COC(O3)(Cn4ccnc4)c5ccc(cc5Cl)Cl,1,NCTR,0.6946915984153748
c1nc(c2c(n1)n(cn2)CCOCP(=O)(O)O)N,1,NCTR,0.6880980730056763
CC12CCC3C(C1CCC2=O)CC(=C)C4=CC(=O)C=CC34C,1,NCTR,0.3286200165748596
CC(c1cc2ccccc2s1)N(C(=O)N)O,1,NCTR,0.7124771475791931
Cc1cn(c(=O)[nH]c1=O)C2C=CC(O2)CO,1,NCTR,0.838680624961853
c1(c(nc(c(n1)Cl)N)N)C(=O)N=C(N)N,1,NCTR,0.5230628848075867
c1cc(c(c(c1)C(=O)c2ccc(cc2)Br)N)CC(=O)O,1,NCTR,0.7326374650001526
c1nc2c(nc(nc2n1C3CC(C=C3)CO)N)NC4CC4,1,NCTR,0.6584429144859314
Cc1cc(c(c2c1cccn2)O)Br,1,NCTR,0.7155017852783203
Cc1nc(cn1c2ccc(cc2)[N+](=O)[O-])[N+](=O)[O-],1,NCTR,0.9553515911102295
Cc1cc2c(cc1C(=C)c3ccc(cc3)C(=O)O)C(CCC2(C)C)(C)C,1,NCTR,0.4315587878227234
B(C(CC(C)C)NC(=O)C(Cc1ccccc1)NC(=O)c2cnccn2)(O)O,1,NCTR,0.5334667563438416
CC1=C2C(C(=O)C3(C(CC4C(C3C(C(C2(C)C)(CC1OC(=O)C(C(c5ccccc5)NC(=O)OC(C)(C)C)O)O)OC(=O)c6ccccc6)(CO4)OC(=O)C)O)C)O,1,NCTR,0.47284653782844543
CC1COc2c3n1cc(c(=O)c3cc(c2N4CCN(CC4)C)F)C(=O)O,1,NCTR,0.39211341738700867
Cc1ccc(c(c1)CC(=O)O)Nc2c(cccc2Cl)F,1,NCTR,0.7666579484939575
COc1c2c(cc(c1N3CC4CCCNC4C3)F)c(=O)c(cn2C5CC5)C(=O)O,1,NCTR,0.7031104564666748
Cc1cn(c(=O)[nH]c1=O)C2CC(C(O2)CO)N=[N+]=[N-],1,NCTR,0.5549253821372986
c1cc2c(cc1Cl)[nH]c(=O)o2,1,NCTR,0.9424630403518677
c1cc(c(c(c1C(=O)c2cc(c(c(c2)O)O)O)O)O)O,1,NCTR,0.6325299143791199
CC(=O)NC1C(C(C(OC1O)CO)OS(=O)(=O)[O-])OC2C(C(C(C(O2)C(=O)[O-])O)O)O,1,NCTR,0.5452784895896912
CC12CCC3C(C1CCC2(C)O)CCC4C3(CC(=CO)C(=O)C4)C,1,NCTR,0.38371244072914124
CC12CCC3C(C1CCC2O)CCC4=CC(=O)CCC34,1,NCTR,0.09607329964637756
c1cc(sc1)C(=O)c2ccc(c(c2Cl)Cl)OCC(=O)O,1,NCTR,0.8905617594718933
c1ccc(c(c1)CC(=O)O)Nc2c(cccc2Cl)Cl,1,NCTR,0.6499888300895691
CCC1C(C(C(C(=O)C(CC(C(C(C(C(C(=O)O1)C)OC2CC(C(C(O2)C)O)(C)OC)C)OC3C(C(CC(O3)C)N(C)C)O)(C)O)C)C)O)(C)O,1,NCTR,0.4014682173728943
CC(c1ccc(c(c1)Cl)N2CC=CC2)C(=O)O,1,NCTR,0.9723665118217468
CC(C)Cc1ccc(cc1)CC(=O)O,1,NCTR,0.41467949748039246
c1ccc2c(c1)CCc3ccccc3C2[NH2+]CCCCCCC(=O)O.[Cl-],1,NCTR,0.4709340035915375
CC(Cc1ccc(c(c1)O)O)(C(=O)O)NN,1,NCTR,0.4788455665111542
C=CCOc1ccc(cc1Cl)CC(=O)O,1,NCTR,0.8721977472305298
CN(C)CCCC1c2ccccc2Nc3c1cc(cc3)Cl,1,NCTR,0.4782983064651489
c1cn(c(=O)nc1N)C2CCC(O2)CO,1,NCTR,0.5187731981277466
c1ccc(cc1)C2C(=O)N=C(O2)N,1,NCTR,0.8294085264205933
CN(C)CCCN1c2ccccc2CCc3c1cc(cc3)Cl,1,NCTR,0.41557052731513977
CN(C(=O)NC1C(C(C(OC1O)CO)O)O)N=O,1,NCTR,0.24633733928203583
c1cc(ccc1c2nc(cs2)CC(=O)O)Cl,1,NCTR,0.809441864490509
CC(=O)N1c2ccccc2C(C1=O)(c3ccc(cc3)OC(=O)C)c4ccc(cc4)OC(=O)C,1,NCTR,0.6040951609611511
CC12CCC3C(C1CCC2(C#C)O)CCC4=Cc5c(cno5)CC34C,1,NCTR,0.17876183986663818
CCOC1C(CC(=O)O1)NC(=O)C2CCCN3N2C(=O)C(CCC3=O)NC(=O)c4c5ccccc5ccn4,1,NCTR,0.8434386253356934
CCc1c(c2ccccc2o1)C(=O)c3cc(c(c(c3)Br)O)Br,1,NCTR,0.9463937282562256
c1ccc(cc1)Cn2c3ccccc3c(n2)OCC(=O)O,1,NCTR,0.9921379685401917
CCCCc1c(c2ccccc2o1)C(=O)c3cc(c(c(c3)I)OCCN(CC)CC)I,1,NCTR,0.18682724237442017
c1cn(c(=O)nc1N)C2C(C(C(O2)CO)O)O,1,NCTR,0.7530012130737305
CCN(CC)CCNC(=O)c1c(c([nH]c1C)C=C2c3cc(ccc3NC2=O)F)C,1,NCTR,0.7072389721870422
CN(C)NN=C1C(=NC=N1)C(=O)N,1,NCTR,0.9291133880615234
c1cc(oc1C=NN2CC(=O)NC2=O)[N+](=O)[O-],1,NCTR,0.719176173210144
c1ccnc(c1)NS(=O)(=O)c2ccc(cc2)NN=C3C=CC(=O)C(=C3)C(=O)O,1,NCTR,0.7854563593864441
CCc1c(c2ccccc2o1)C(=O)c3cc(c(c(c3)I)O)I,1,NCTR,0.5024933218955994
CCOC(=O)C(CCc1ccccc1)NC2CCc3ccccc3N(C2=O)CC(=O)O,1,NCTR,0.527703583240509
CC(C)(C)NC(=O)C1CN(CCN1CC(CC(Cc2ccccc2)C(=O)NC3c4ccccc4CC3O)O)Cc5cccnc5,1,NCTR,0.201658234000206
Cc1c(c2c3c4c1OC(C4=O)(OC=CC(C(C(C(C(C(C(C(C=CC=C(C(=O)NC(=C2O)C(=CNN5CCN(CC5)C)C3=O)C)C)O)C)O)C)OC(=O)C)C)OC)C)O,1,NCTR,0.5587580800056458
CCC1C2(C(C(C(=O)C(CC(C(C(C(=O)C(C(=O)O1)C)C)OC3C(C(CC(O3)C)N(C)C)O)(C)OC)C)C)N(C(=O)O2)CCCCn4cc(nc4)c5cccnc5)C,1,NCTR,0.47092074155807495
CON=C(c1ccc(cc1)c2ccc(o2)c3ccc(cc3)C(=NOC)N)N,1,NCTR,0.7721971869468689
CC(c1ccccc1)NN,1,NCTR,0.6066973805427551
CN1CCCC(C1)CN2c3ccccc3Sc4c2cccc4,1,NCTR,0.3539845645427704
Cc1ccc(cc1)C(=O)c2ccc(n2C)CC(=O)O,1,NCTR,0.8570629358291626
CN1CCC(CC1)Nc2ncc3c(n2)c(ncn3)Nc4ccc(c(c4)Cl)F,1,NCTR,0.7636187672615051
C1CCC(C(C1)N)N.C(=O)(C(=O)[O-])[O-].[Pt+2],1,NCTR,0.5157742500305176
Cc1ccc(cc1C)n2c(=O)c(c([nH]2)C)NN=C3C=CC=C(C3=O)c4cccc(c4)C(=O)O.C(CO)N.C(CO)N,1,NCTR,0.7121753096580505
Cc1ccc(cc1S(=O)(=O)N)Nc2nccc(n2)N(C)c3ccc4c(n(nc4c3)C)C,1,NCTR,0.6845201849937439
Cc1c(c2c(c(c1O)C)CCC(O2)(C)COc3ccc(cc3)CC4C(=O)NC(=O)S4)C,1,NCTR,0.583251416683197
c1ccc2c(c1)c(c3c(n2)CCCC3)N,1,NCTR,0.7841764092445374
c1ccc2c(c1)N(c3cc(ccc3S2)Cl)CCCN4CCC(CC4)C(=O)N,1,NCTR,0.7109946608543396
CC(=O)Nc1ccc(cc1)O,1,NCTR,0.7684445381164551
Cc1ccc(cc1Nc2nccc(n2)c3cccnc3)NC(=O)c4ccc(cc4)CN5CCN(CC5)C,1,NCTR,0.591433048248291
Cc1cc(nc(n1)OC(C(=O)O)C(c2ccccc2)(c3ccccc3)OC)C,1,NCTR,0.6925565004348755
CS(=O)(=O)CCNCc1ccc(o1)c2ccc3c(c2)c(ncn3)Nc4ccc(c(c4)Cl)OCc5cccc(c5)F,1,NCTR,0.7520816922187805
CCOC(C(=O)c1ccc(cc1)c2ccccc2)Nc3ccc(cc3)C(=O)O,1,NCTR,0.6732803583145142
CCc1c(c2ccccc2o1)C(=O)c3ccc(cc3)O,1,NCTR,0.8647216558456421
CC(C)c1nc(cs1)CN(C)C(=O)NC(C(C)C)C(=O)NC(Cc2ccccc2)CC(C(Cc3ccccc3)NC(=O)OCc4cncs4)O,1,NCTR,0.7383788228034973
c1cc(ccc1N)S(=O)(=O)NC(=O)N,1,NCTR,0.6110599040985107
CC1C(C(C(C(O1)OC2C(OC(C(C2O)O)OC3C(OC(C(C3O)O)O)CO)CO)O)O)NC4C=C(C(C(C4O)O)O)CO,1,NCTR,0.5274121165275574
CCC1(CCC(=O)NC1=O)c2ccc(cc2)N,1,NCTR,0.6957972049713135
Cc1cc(no1)NS(=O)(=O)c2ccc(cc2)N,1,NCTR,0.5485297441482544
Cc1ccc(c2c1oc-3c(c(=O)c(c(c3n2)C(=O)NC4C(OC(=O)C(N(C(=O)CN(C(=O)C5CCCN5C(=O)C(NC4=O)C(C)C)C)C)C(C)C)C)N)C)C(=O)NC6C(OC(=O)C(N(C(=O)CN(C(=O)C7CCCN7C(=O)C(NC6=O)C(C)C)C)C)C(C)C)C,1,NCTR,0.2088642716407776
c1ccc(cc1)c2cc(c3ccccc3n2)C(=O)O,1,NCTR,0.8801990747451782
CCCc1cc(=O)[nH]c(=S)[nH]1,1,NCTR,0.7156476974487305
c1[nH]c2c(n1)[nH]cnc2=S,1,NCTR,0.8365832567214966
CCC(=C(c1ccccc1)c2ccc(cc2)OCCN(C)C)c3ccccc3,1,NCTR,0.25450900197029114
CCCCN1C(=O)C(NC(=O)C12CCN(CC2)Cc3ccc(cc3)Oc4ccc(cc4)C(=O)O)C(C5CCCCC5)O,1,NCTR,0.661457359790802
CN(C)Cc1ccc(o1)CSCCNC(=C[N+](=O)[O-])NCc2ccc3c(c2)OCO3,1,NCTR,0.6798197031021118
CCCCCCCCCCCC(CC1C(C(=O)O1)CCCCCC)OC(=O)C(CC(C)C)NC=O,1,NCTR,0.44337135553359985
CC(C(=O)OC(C)(C)Cc1ccc(cc1)Cl)N,1,NCTR,0.3967856764793396
CC(c1ccc2c(c1)nc(o2)c3ccc(cc3)Cl)C(=O)O,1,NCTR,0.9454860091209412
Cc1ccccc1S(=O)(=O)NC(=O)c2ccc(c(c2)OC)Cc3cn(c4c3cc(cc4)NC(=O)OC5CCCC5)C,1,NCTR,0.5740057826042175
CC1C(C(CC(O1)OC2CC(Cc3c2c(c4c(c3O)C(=O)c5cccc(c5C4=O)OC)O)(C(=O)CO)O)N)O,1,NCTR,0.5298435688018799
CS(=O)(=O)Nc1ccc(cc1Oc2ccccc2)[N+](=O)[O-],1,NCTR,0.67671138048172
Cc1nnc(n1C2CC3CCC(C2)N3CCC(c4ccccc4)NC(=O)C5CCC(CC5)(F)F)C(C)C,1,NCTR,0.08751270920038223
Cn1cc[nH]c1=S,1,NCTR,0.8834438920021057
CCc1cccc2c1[nH]c3c2CCOC3(CC)CC(=O)O,1,NCTR,0.41898611187934875
CC(c1cccc(c1)Oc2ccccc2)C(=O)O,1,NCTR,0.8817116618156433
CN1CCN(CC1)CCC=C2c3ccccc3Sc4c2cc(cc4)S(=O)(=O)N(C)C,1,NCTR,0.6490204334259033
CC(C)C(=O)Nc1ccc(c(c1)C(F)(F)F)[N+](=O)[O-],1,NCTR,0.3845224380493164
CC(Cn1cnc2c1ncnc2N)OCP(=O)(O)O,1,NCTR,0.7291356325149536
c1ccc(c(c1)C(=O)OCC(CO)O)Nc2ccnc3c2ccc(c3)Cl,1,NCTR,0.8378142714500427
CC1(C(=O)N(C(=O)N1)c2ccc(c(c2)C(F)(F)F)[N+](=O)[O-])C,1,NCTR,0.6809956431388855
CC(C)CN(CC(C(Cc1ccccc1)NC(=O)OC2COC3C2CCO3)O)S(=O)(=O)c4ccc(cc4)N,1,NCTR,0.5632731914520264
Cc1cc(c(cc1OC(=O)C)C(C)C)OCCN(C)C,1,NCTR,0.09180282056331635
Cc1cn(c(=O)[nH]c1=O)C2CC(C(O2)CO)O,1,NCTR,0.6793785095214844
C=C1C(CC(C1CO)O)n2cnc3c2[nH]c(nc3=O)N,1,NCTR,0.6445493102073669
c1cc(c(cc1F)F)C(Cn2cncn2)(Cn3cncn3)O,1,NCTR,0.3035767078399658
CC(C)NNC(=O)c1ccncc1,1,NCTR,0.2209063619375229
c1cc(ccc1C#N)C(c2ccc(cc2)C#N)n3cncn3,1,NCTR,0.5529081225395203
c1cc(ccc1OCC(=O)N2CCN(CC2)Cc3ccc4c(c3)OCO4)Cl,1,NCTR,0.6210112571716309
CN(Cc1cnc2c(n1)c(nc(n2)N)N)c3ccc(cc3)C(=O)NC(CCC(=O)O)C(=O)O,1,NCTR,0.6331618428230286
c1cc(c(cc1c2ccc(cc2F)F)C(=O)O)O,1,NCTR,0.7806065678596497
CCCCOCC(CN1C(=O)C(C(=O)NC1=O)(CC)c2ccccc2)OC(=O)N.CCCCOCC(CN1C(=O)C(C(=O)N(C1=O)CC(COCCCC)OC(=O)N)(CC)c2ccccc2)OC(=O)N.CCC1(C(=O)NC(=O)NC1=O)c2ccccc2,1,NCTR,0.5356789231300354
C1CCN(CC1)c2c3c(c(nc(n3)N(CCO)CCO)N4CCCCC4)nc(n2)N(CCO)CCO,1,NCTR,0.32919952273368835
Cc1ccc(cc1)C(=O)c2cc(c(c(c2)O)O)[N+](=O)[O-],1,NCTR,0.6597567796707153
Cc1cc(no1)C(=O)NNCc2ccccc2,1,NCTR,0.6664347052574158
c1cc(cnc1)C(=O)O,1,NCTR,0.8741504549980164
CCOC(=O)CNC(C1CCCCC1)C(=O)N2CCC2C(=O)NCc3ccc(cc3)C(=NO)N,1,NCTR,0.7108669281005859
CC(=O)Nc1nnc(s1)S(=O)(=O)N,1,NCTR,0.8559554219245911
Cc1cc(c(c(c1C=CC(=CC=CC(=CC(=O)O)C)C)C)C)OC,1,NCTR,0.3571179509162903
c1cc(ccc1C(=O)O)N2C(=C3C=CC=CC3=O)NC(=C4C=CC=CC4=O)N2,1,NCTR,0.8212044835090637
Cc1c(cno1)C(=O)Nc2ccc(cc2)C(F)(F)F,1,NCTR,0.8856638073921204
c1cc(c2c3c1CC4C5(C3(CCN4CC6CC6)C(O2)C(=O)CC5)O)O,1,NCTR,0.46161094307899475
CC(C)C(CCCN(C)CCc1ccc(c(c1)OC)OC)(C#N)c2ccc(c(c2)OC)OC,1,NCTR,0.22118563950061798
c1ccc2c(c1)C=Cc3ccccc3N2C(=O)N,1,NCTR,0.6595724821090698
CC(CCc1ccccc1)NCC(c2ccc(c(c2)C(=O)N)O)O,1,NCTR,0.28259989619255066
CC(c1cccc(c1)C(=O)c2ccccc2)C(=O)O,1,NCTR,0.729421854019165
CCc1nn(c(=O)n1CCOc2ccccc2)CCCN3CCN(CC3)c4cccc(c4)Cl,1,NCTR,0.6801599860191345
Cc1ccc(cc1)c2cc(nn2c3ccc(cc3)S(=O)(=O)N)C(F)(F)F,1,NCTR,0.7832368612289429
Cc1ccnc2c1NC(=O)c3cccnc3N2C4CC4,1,NCTR,0.676426112651825
c1cnccc1C(=O)NN,1,NCTR,0.6565332412719727
c1c2c(cc(c1F)N3CCNCC3)n(cc(c2=O)C(=O)O)C4CC4,1,NCTR,0.851249098777771
CC(=O)Oc1ccc(cc1)C(=C2CCCCC2)c3ccc(cc3)OC(=O)C,1,NCTR,0.7655210494995117
c1cc(ccc1c2ccc(o2)C=NN3CC(=O)NC3=O)[N+](=O)[O-],1,NCTR,0.6379517912864685
CC(C)(C)c1ccc(cc1)S(=O)(=O)Nc2c(c(nc(n2)c3ncccn3)OCCO)Oc4ccccc4OC,1,NCTR,0.8641388416290283
CCn1cc(c(=O)c2c1cc(c(c2)F)N3CCNCC3)C(=O)O,1,NCTR,0.3809943199157715
CN(CCOc1ccc(cc1)CC2C(=O)NC(=O)S2)c3ccccn3,1,NCTR,0.7155398726463318
c1ccc(cc1)CNC(=O)CCNNC(=O)c2ccncc2,1,NCTR,0.6711969375610352
CC1=C(c2cc(ccc2C1=Cc3ccc(cc3)S(=O)C)F)CC(=O)O,1,NCTR,0.8138225078582764
CCCCCCCCNC(C)C(c1ccc(cc1)SC(C)C)O,1,NCTR,0.2610299587249756
CNCCC(c1cccs1)Oc2cccc3c2cccc3,1,NCTR,0.23075591027736664
CC(C)(C)C#CC=CCN(C)Cc1cccc2c1cccc2,1,NCTR,0.0085880346596241
c1ccc(c(c1)CN2CCc3c(ccs3)C2)Cl,1,NCTR,0.765356719493866
c1cn(c(=O)nc1N)C2CSC(O2)CO,1,NCTR,0.7212005257606506
CC(C)c1c(c(c(n1CCC(CC(CC(=O)O)O)O)c2ccc(cc2)F)c3ccccc3)C(=O)Nc4ccccc4,1,NCTR,0.6193556189537048
c1ccc2c(c1)c(no2)CS(=O)(=O)N,1,NCTR,0.8086283802986145
Cc1c2c(nc(n1)C)N(C(=O)CC2)Cc3ccc(cc3)c4ccccc4c5n[nH]nn5,1,NCTR,0.5922544002532959
CC(CS(=O)(=O)c1ccc(cc1)F)(C(=O)Nc2ccc(c(c2)C(F)(F)F)C#N)O,1,NCTR,0.7022706866264343
CCC(C)n1c(=O)n(cn1)c2ccc(cc2)N3CCN(CC3)c4ccc(cc4)OCC5COC(O5)(Cn6cncn6)c7ccc(cc7Cl)Cl,1,NCTR,0.9186683893203735
CC12CCC3C(C1CCC2(C)O)CCC4C3(COC(=O)C4)C,1,NCTR,0.3832944929599762
CCCN(CCC)C(=O)Cc1c(nc2n1cc(cc2)Cl)c3ccc(cc3)Cl,1,NCTR,0.6544484496116638
Cc1ccccc1OC(CCNC)c2ccccc2,1,NCTR,0.08301419764757156
CN(CC(=O)O)C(=S)c1cccc2c1ccc(c2C(F)(F)F)OC,1,NCTR,0.4691561758518219
c1[nH]c2c(c(=O)n1)ncn2C3CCC(O3)CO,1,NCTR,0.6982123255729675
c1c(c(=O)[nH]c(=O)n1C2C(C(C(O2)CO)O)F)I,1,NCTR,0.6289485096931458
c1cc(ccc1N)S(=O)(=O)Nc2nccs2,1,NCTR,0.8548468351364136
c1c(c(nc(=O)n1C2CSC(O2)CO)N)F,1,NCTR,0.6374224424362183
c1ccc(cc1)C(COC(=O)N)COC(=O)N,1,NCTR,0.4731334149837494
CC(COc1ccccc1)NN,1,NCTR,0.3093793988227844
COc1ccc(cc1OC)Cc2c3cc(c(cc3ccn2)OC)OC,1,NCTR,0.6827754974365234
CN1Cc2c(cccc2N)C(C1)c3ccccc3,1,NCTR,0.23111970722675323
CCCCCOC(=O)Nc1c(cn(c(=O)n1)C2C(C(C(O2)C)O)O)F,1,NCTR,0.6884521842002869
CC(C)Nc1ncccn1,1,NCTR,0.6944602727890015
c1cc(ccc1S(=O)(=O)NC=NCCSCc2csc(n2)N=C(N)N)Br,1,NCTR,0.7192267775535583
CN1c2c(oc(=O)n(c2=O)c3ccccn3)-c4ccccc4S1(=O)=O,1,NCTR,0.2697717845439911
CCCC1(CC(=O)C(=C(O1)O)C(CC)c2cccc(c2)NS(=O)(=O)c3ccc(cn3)C(F)(F)F)CCc4ccccc4,1,NCTR,0.5861810445785522
CNCCC=C1c2ccccc2CCc3c1cccc3,1,NCTR,0.6252109408378601
c1cc2c(cc1Cl)C(OC(=O)N2)(C#CC3CC3)C(F)(F)F,1,NCTR,0.6756072044372559
c1cc2c(cc1OC(F)(F)F)sc(n2)N,1,NCTR,0.9845768809318542
c1cc(c(cc1F)F)n2cc(c(=O)c3c2nc(c(c3)F)N4CC5C(C4)C5N)C(=O)O,1,NCTR,0.7329074740409851
c1ccc(c(c1)C(c2ccc(cc2)Cl)C(Cl)Cl)Cl,0,NCTR,0.7099184393882751
c1c(n(c(=N)nc1N2CCCCC2)O)N,0,NCTR,0.7125062346458435
c1cc(ccc1c2c(c3ccc(cc3s2)O)C(=O)c4ccc(cc4)OCCN5CCCCC5)O,0,NCTR,0.5891512036323547
CCn1cc(c(=O)c2c1nc(cc2)C)C(=O)O,0,NCTR,0.6986226439476013
CC(C)(Cc1ccccc1)N,0,NCTR,0.15968453884124756
CCCCNc1ccc(cc1)C(=O)OCCN(C)C,0,NCTR,0.37222397327423096
CCc1c(c(nc(n1)N)N)c2ccc(cc2)Cl,0,NCTR,0.7468584179878235
COc1cc2c(cc1OC)nc(nc2N)N3CCN(CC3)C(=O)C4CCCO4,0,NCTR,0.8000572323799133
C[n+]1cccc(c1)OC(=O)N(C)C,0,NCTR,0.40311798453330994
c1ccc(c(c1)C(=O)N)O,0,NCTR,0.5675743222236633
c1ccc(cc1)C(CCN2CCCC2)(C3CCCCC3)O,0,NCTR,0.10660859197378159
CCC1(C(=O)NCNC1=O)c2ccccc2,0,NCTR,0.7486572861671448
c1cc(ccc1C(C(CO)NC(=O)C(Cl)Cl)O)[N+](=O)[O-],0,NCTR,0.38338983058929443
CCc1c([nH]c2c1C(=O)C(CC2)CN3CCOCC3)C,0,NCTR,0.070579893887043
Cc1ccc(cc1)N(CC2=NCCN2)c3cccc(c3)O,0,NCTR,0.42993155121803284
CN1CCCN=C1C=Cc2cccs2,0,NCTR,0.7318058013916016
c1cc(ccc1C(=O)NC(CCC(=O)O)C(=O)O)NCC2CNc3c(c(=O)nc([nH]3)N)N2C=O,0,NCTR,0.7161970734596252
CC12CCC3C(C1CCC2C(=O)NC(C)(C)C)CCC4C3(C=CC(=O)N4)C,0,NCTR,0.41780930757522583
CCCCCCCN(CC)CCCC(c1ccc(cc1)NS(=O)(=O)C)O,0,NCTR,0.5740363001823425
CC(C)C(C(=O)OCC(CO)OCn1cnc2c1[nH]c(nc2=O)N)N,0,NCTR,0.6268213391304016
CN(CCc1ccc(cc1)NS(=O)(=O)C)CCOc2ccc(cc2)NS(=O)(=O)C,0,NCTR,0.7481623291969299
Cc1c(c(=O)n2c(n1)C(CCC2)O)CCN3CCC(CC3)c4c5ccc(cc5on4)F,0,NCTR,0.7157928347587585
CCOc1ccccc1OCCNC(C)Cc2ccc(c(c2)S(=O)(=O)N)OC,0,NCTR,0.7667078971862793
CCCCCC(C=CC1C(CC(=O)C1CCCCCCC(=O)O)O)O,0,NCTR,0.16514073312282562
Cn1c(c-2nc(nc2n(c1=O)C)Cl)[O-].C[NH+](C)CCOC(c1ccccc1)c2ccccc2,0,NCTR,0.567172110080719
COc1c2c(nc(n1)N)n(cn2)C3C(C(C(O3)CO)O)O,0,NCTR,0.7142058610916138
CC(CCc1ccc(cc1)O)NCCc2ccc(c(c2)O)O,0,NCTR,0.45617079734802246
CC(C)C(C)C=CC(C)C1CCC2C1(CCCC2=CC=C3CC(CCC3=C)O)C,0,NCTR,0.3127879500389099
CCN(CC)C(=O)C(=Cc1cc(c(c(c1)O)O)[N+](=O)[O-])C#N,0,NCTR,0.7067123651504517
Cc1ccc(cc1)C(=CCN2CCCC2)c3ccccn3,0,NCTR,0.350238174200058
CN1CCC23c4c5ccc(c4OC2C(C=CC3C1C5)O)OC,0,NCTR,0.2188875526189804
CN1CCC23c4c5ccc(c4OC2C(=O)CCC3C1C5)OC,0,NCTR,0.3673844635486603
CN1CCC23c4c5ccc(c4OC2C(=O)CCC3(C1C5)O)OC,0,NCTR,0.5537362098693848
CC(C)CC(CC(=O)O)CN,0,NCTR,0.49644631147384644
c1cc(ccc1NC(=NC(=NCCCCCCN=C(N)N=C(N)Nc2ccc(cc2)Cl)N)N)Cl,0,NCTR,0.6289341449737549
C[N+]1(C2CCC1CC(C2)OC(=O)C(c3ccccc3)O)C.[Br-],0,NCTR,0.20200514793395996
CCCCC(CC)COC(=O)CC(C(=O)OCC(CC)CCCC)S(=O)(=O)[O-].[Na+],0,NCTR,0.43181875348091125
C[N+]1(CCc2cc(c(cc2C1Cc3ccc(c(c3)OC)OC)OC)OC)CCC(=O)OCCCCCOC(=O)CC[N+]4(CCc5cc(c(cc5C4Cc6ccc(c(c6)OC)OC)OC)OC)C,0,NCTR,0.4734416604042053
c1nc2c(nc(nc2n1C3C(C(C(O3)COP(=O)(O)O)O)O)F)N,0,NCTR,0.49633169174194336
CC12CC(=O)C3C(C1CCC2(C(=O)CO)O)CCC4=CC(=O)C=CC34C,0,NCTR,0.4680439233779907
C[N+](C)(C)CC(CC(=O)[O-])O,0,NCTR,0.18152232468128204
c1cc(ccc1C(=O)NC(CCC(=O)O)C(=O)O)NCc2cnc3c(n2)c(=O)nc([nH]3)N,0,NCTR,0.7749706506729126
CSCCC(C(=O)O)N,0,NCTR,0.3857278823852539
CC(C)CCCC(C)C1CCC2C1(CCCC2=CC=C3CC(CCC3=C)O)C,0,NCTR,0.10655857622623444
Cc1cc2c(cc1C)n(c-3nc(=O)[nH]c(=O)c3n2)CC(C(C(CO)O)O)O,0,NCTR,0.7214058041572571
CC1(C(N2C(S1)C(C2=O)NC(=O)COc3ccccc3)C(=O)O)C,0,NCTR,0.6385902166366577
CCCCNc1ccc(cc1)C(=O)OCCOCCOCCOCCOCCOCCOCCOCCOCCOC,0,NCTR,0.45928463339805603
CC1(C(=O)N2C(C(=O)N3CCCC3C2(O1)O)Cc4ccccc4)NC(=O)C5CN(C6Cc7c[nH]c8c7c(ccc8)C6=C5)C,0,NCTR,0.6179050207138062
Cn1c2c(c(=O)n(c1=O)C)[nH]cn2.Cn1c2c(c(=O)n(c1=O)C)[nH]cn2.C(CN)N,0,NCTR,0.22288213670253754
CCC(CO)NC(=O)C1CN(C2Cc3cn(c4c3c(ccc4)C2=C1)C)C,0,NCTR,0.5043857097625732
CC1(C(=O)N2C(C(=O)N3CCCC3C2(O1)O)Cc4ccccc4)NC(=O)C5CC6c7cccc8c7c(c[nH]8)CC6N(C5)C,0,NCTR,0.6430845260620117
C(C1C(C(C(C(O1)OC2C(OC(C2O)(CO)O)CO)O)O)O)O,0,NCTR,0.3819742500782013
CC1C(C(CC(O1)OC2CC(Cc3c2c(c4c(c3O)C(=O)c5cccc(c5C4=O)OC)O)(C(=O)C)O)N)O,0,NCTR,0.4852789640426636
CC(=O)NC(CS)C(=O)O,0,NCTR,0.5211907625198364
CCC12CCC3C(C1CCC2(C#C)O)CCC4=CC(=O)CCC34,0,NCTR,0.39422380924224854
CCOC(=O)C1(CCN(CC1)CCC(C#N)(c2ccccc2)c3ccccc3)c4ccccc4,0,NCTR,0.19306164979934692
Cc1c(c2c(c(c1O)C)CCC(O2)(C)CCCC(C)CCCC(C)CCCC(C)C)C,0,NCTR,0.17536909878253937
CC1CC(=O)C2(C(O1)OC3C(C(C(C(C3O2)NC)O)NC)O)O,0,NCTR,0.4299476146697998
CC1C(C(C(O1)OC2C(C(C(C(C2O)O)N=C(N)N)O)N=C(N)N)OC3C(C(C(C(O3)CO)O)O)NC)(C=O)O,0,NCTR,0.4577350318431854
c1cc(c(cc1Cl)Cl)COC(Cn2ccnc2)c3ccc(cc3Cl)Cl,0,NCTR,0.4166494309902191
C[Si](C)(C)O[Si](C)(C)O[Si](C)(C)C,0,NCTR,0.09008780866861343
CC(Cc1ccccc1)N(C)CC#C,0,NCTR,0.004992831032723188
CC(c1ccccc1)(c2ccc(cc2)Cl)OCCC3CCCN3C,0,NCTR,0.29220935702323914
COc1ccc(c(c1)C(CNC(=O)CN)O)OC,0,NCTR,0.6995154619216919
CC1C=CC=CCCC=CC=CC=CC=CC(CC(C(C(CC(=O)CC(C(CCC(CC(CC(CC(=O)OC(C(C1O)C)C)O)O)O)O)O)O)C(=O)O)O)OC2C(C(C(C(O2)C)O)N)O,0,NCTR,0.5000278949737549
Cc1ncc(n1CCO)[N+](=O)[O-],0,NCTR,0.850071370601654
c1ccc(cc1)C(CCN2CCCCC2)(C3CCCCC3)O,0,NCTR,0.09973068535327911
CCN(CC)CC#CCOC(=O)C(c1ccccc1)(C2CCCCC2)O,0,NCTR,0.2553584575653076
c1ccc(cc1)N=Nc2ccc(nc2N)N,0,NCTR,0.7431554794311523
CC(COc1ccccc1)N(CCCl)Cc2ccccc2,0,NCTR,0.07384563982486725
CC1=C(C(=O)c2ccccc2C1=O)CC=C(C)CCCC(C)CCCC(C)CCCC(C)C,0,NCTR,0.531266987323761
CC(CCCN)Nc1cc(cc2c1nccc2)OC,0,NCTR,0.7170507311820984
CNCCCC1c2ccccc2C=Cc3c1cccc3,0,NCTR,0.19558373093605042
CN(C)CCN(Cc1ccc(cc1)OC)c2ccccn2,0,NCTR,0.4641178846359253
CN1C2CC(CC1C3C2O3)OC(=O)C(CO)c4ccccc4,0,NCTR,0.4420449435710907
[Na+].[Cl-],0,NCTR,0.001181638683192432
c1ccc(cc1)N2C(=O)C(C(=O)N2c3ccccc3)CCS(=O)c4ccccc4,0,NCTR,0.6419085264205933
Cn1c(=O)n2cnc(c2nn1)C(=O)N,0,NCTR,0.8523856997489929
CC1=C(C(=O)C2=C(C1=O)N3CC4C(C3(C2COC(=O)N)OC)N4)N,0,NCTR,0.6731884479522705
CC1C(OCCN1C)c2ccccc2,0,NCTR,0.17162439227104187
CC12CCC(=O)C=C1CCC3C2C(CC4(C3CCC4(C(=O)CO)O)C)O,0,NCTR,0.3472670316696167
CNCC(c1ccc(c(c1)O)O)O,0,NCTR,0.3703683614730835
CC(Cc1ccccc1)N,0,NCTR,0.2923330068588257
CC1(C(N2C(S1)C(C2=O)NC(=O)Cc3ccccc3)C(=O)O)C,0,NCTR,0.7875636219978333
c1cc(c(cc1Oc2c(cc(cc2I)CC(C(=O)O)N)I)I)O,0,NCTR,0.409578412771225
C1C(C(C(C(C1N)OC2C(C(C(C(O2)CN)O)O)O)O)OC3C(C(C(C(O3)CO)O)N)O)N,0,NCTR,0.4121054410934448
CC12CCC3C(C1CCC2(C#C)O)CCC4=CC(=O)CCC34,0,NCTR,0.3743838667869568
CN1CCN(CC1)C(c2ccccc2)c3ccccc3,0,NCTR,0.1784151792526245
CN1C2CCC1CC(C2)OC(c3ccccc3)c4ccccc4,0,NCTR,0.22549274563789368
CCC(CO)NC(=O)C1CN(C2Cc3c[nH]c4c3c(ccc4)C2=C1)C,0,NCTR,0.2814140021800995
CC(C(c1ccccc1)O)NC,0,NCTR,0.3682391941547394
CC1CC2C3CCC4=CC(=O)C=CC4(C3(C(CC2(C1(C(=O)CO)O)C)O)F)C,0,NCTR,0.2770046889781952
CC(Cc1ccccc1)NC,0,NCTR,0.2297053039073944
Cc1ncc2n1-c3ccc(cc3C(=NC2)c4ccccc4F)Cl,0,NCTR,0.9101975560188293
CC(C)(c1cccnc1)C(=O)c2cccnc2,0,NCTR,0.39730241894721985
CC(C)NCC(c1cc(cc(c1)O)O)O,0,NCTR,0.6936575770378113
CC(C)(CO)C(C(=O)NCCC(=O)O)O,0,NCTR,0.3846854567527771
Cc1c(c(c(cn1)CO)CO)O,0,NCTR,0.7426591515541077
Cc1c(sc[n+]1Cc2cnc(nc2N)C)CCO,0,NCTR,0.47320225834846497
C(CC(O)(P(=O)(O)O)P(=O)(O)O)CN,0,NCTR,0.31966879963874817
CC(=O)Nc1c(c(c(c(c1I)NC(=O)C)I)C(=O)O)I,0,NCTR,0.29423174262046814
CC(=O)Oc1ccccc1C(=O)O,0,NCTR,0.854189395904541
CCCCN1CCCCC1C(=O)Nc2c(cccc2C)C,0,NCTR,0.6103095412254333
CCN(CC)CCOCCOC(=O)C1(CCCC1)c2ccccc2,0,NCTR,0.41471508145332336
CN(C)CCOC(c1ccc(cc1)Cl)c2ccccn2,0,NCTR,0.2376028299331665
CN1CCN(CC1)C(c2ccccc2)c3ccc(cc3)Cl,0,NCTR,0.5324355959892273
c1cc2c(cc1OCCCCc3nnnn3C4CCCCC4)CCC(=O)N2,0,NCTR,0.6909258365631104
CN(C)CCOC(c1ccccc1)c2ccccc2,0,NCTR,0.07240243256092072
CC(c1ccccc1)(c2ccccn2)OCCN(C)C,0,NCTR,0.24552232027053833
c1ccc2c(c1)[nH]c(=O)n2C3=CCN(CC3)CCCC(=O)c4ccc(cc4)F,0,NCTR,0.5531802773475647
CC[N+](C)(C)c1cccc(c1)O,0,NCTR,0.11793491989374161
CC(C)(c1ccc(cc1)C(CCCN2CCC(CC2)C(c3ccccc3)(c4ccccc4)O)O)C(=O)O,0,NCTR,0.2695573568344116
Cc1c(=O)c2cccc(c2oc1c3ccccc3)C(=O)OCCN4CCCCC4,0,NCTR,0.3630979359149933
COCCCCC(=NOCCN)c1ccc(cc1)C(F)(F)F,0,NCTR,0.7660724520683289
COc1ccccc1OCC(CO)O,0,NCTR,0.5033590793609619
CCCCCCc1ccc(cc1O)O,0,NCTR,0.3665751516819
c1ccc(cc1)C(c2ccc(cc2)Cl)N3CCN(CC3)CCOCCO,0,NCTR,0.13379371166229248
CCN(CC)CC(=O)Nc1c(cccc1C)C,0,NCTR,0.3658939599990845
CC(=O)N(CC(CN(c1c(c(c(c(c1I)C(=O)NCC(CO)O)I)C(=O)NCC(CO)O)I)C(=O)C)O)c2c(c(c(c(c2I)C(=O)NCC(CO)O)I)C(=O)NCC(CO)O)I,0,NCTR,0.5302571058273315
Cc1cccc(c1)CN2CCN(CC2)C(c3ccccc3)c4ccc(cc4)Cl,0,NCTR,0.31315743923187256
c1cc2c(cc(nc2c(c1)C(F)(F)F)C(F)(F)F)C(C3CCCCN3)O,0,NCTR,0.5206404328346252
CC(C)(CO)N.Cn1c2c(c(=O)n(c1=O)C)[nH]c(n2)Br,0,NCTR,0.673382043838501
CCC1(CC2CC(c3c(c4ccccc4[nH]3)CCN(C2)C1)(c5cc6c(cc5OC)N(C7C68CCN9C8C(C=CC9)(C(C7(C(=O)OC)O)OC(=O)C)CC)C)C(=O)OC)O,0,NCTR,0.6108464002609253
CN(C)C(=N)N=C(N)N,0,NCTR,0.9789822101593018
Cn1c2c(c(=O)n(c1=O)C)[nH]cn2,0,NCTR,0.786034107208252
CC1CN(CCC1(C)c2cccc(c2)O)CC(Cc3ccccc3)C(=O)NCC(=O)O,0,NCTR,0.5704821348190308
CC(C)C(Cc1ccc(c(c1)OCCCOC)OC)CC(C(CC(C(C)C)C(=O)NCC(C)(C)C(=O)N)O)N,0,NCTR,0.37972208857536316
CCCCCCCCC=CCCCCCCCC(=O)O.C(CO)N,0,NCTR,0.3350074589252472
CC(=O)Oc1cc2c(s1)CCN(C2)C(c3ccccc3F)C(=O)C4CC4,0,NCTR,0.66312175989151
c1ccc(c(c1)C(=O)O)O,0,NCTR,0.9009284377098083
CS(=O)C,0,NCTR,0.9979220032691956
c1cc(c(cc1CCN)O)O,0,NCTR,0.5413038730621338
c1cc2cccnc2c(c1)O,0,NCTR,0.8776479363441467
CC(C)(C)NCC(c1ccc(c(c1)CO)O)O,0,NCTR,0.2847372591495514
CC(Cc1ccccc1)N(C)Cc2ccccc2,0,NCTR,0.036027662456035614
CN(C)CCC(c1ccc(cc1)Br)c2ccccn2,0,NCTR,0.20172716677188873
c1ccc(cc1)C(CCN2CCCCC2)(C3CC4CC3C=C4)O,0,NCTR,0.34677281975746155
CC(=O)Oc1ccc(cc1)C(c2ccc(cc2)OC(=O)C)c3ccccn3,0,NCTR,0.617800235748291
Cn1cnc2c1c(=O)n(c(=O)n2C)C,0,NCTR,0.07035688310861588
C(C(Cl)(Cl)Cl)(O)O,0,NCTR,0.8018838763237
CN(C)CCC(c1ccc(cc1)Cl)c2ccccn2,0,NCTR,0.4422766864299774
CC(=O)N(CCCCCNC(=O)CCC(=O)N(CCCCCNC(=O)CCC(=O)N(CCCCCN)O)O)O,0,NCTR,0.12100280821323395
CCC(=O)N(c1ccccc1)C2CCN(CC2)CCc3ccccc3,0,NCTR,0.25621163845062256
CCOC(=O)c1c2n(cn1)-c3ccc(cc3C(=O)N(C2)C)F,0,NCTR,0.7309756278991699
c1c(c(=O)[nH]c(=O)[nH]1)F,0,NCTR,0.7088363766670227
CC(C)NCC(c1ccc(c(c1)O)O)O,0,NCTR,0.3020438253879547
CNC1(CCCCC1=O)c2ccccc2Cl,0,NCTR,0.6329002976417542
CN(C)C(=O)C(CCN1CCC(CC1)(c2ccc(cc2)Cl)O)(c3ccccc3)c4ccccc4,0,NCTR,0.31607484817504883
CCOC(=O)N1CCC(=C2c3ccc(cc3CCc4c2nccc4)Cl)CC1,0,NCTR,0.5590947866439819
CN1CCC23CCCCC2C1Cc4c3cc(cc4)OC,0,NCTR,0.21575286984443665
CN1CCC23c4c5ccc(c4OC2C(C=CC3C1C5)O)O,0,NCTR,0.1567372977733612
CN1CCC23c4c5ccc(c4OC2C(=O)CCC3(C1C5)O)O,0,NCTR,0.37327656149864197
CN1CCC23c4c5ccc(c4OC2C(=O)CCC3C1C5)O,0,NCTR,0.5402469635009766
COc1cc(c(cc1S(=O)(=O)O)C(=O)c2ccccc2)O,0,NCTR,0.6828713417053223
CC(C(c1ccccc1)O)N,0,NCTR,0.030456149950623512
CC(=O)OC1CC2CCC3C(C2(CC1[N+]4(CCCCC4)C)C)CCC5(C3CC(C5OC(=O)C)[N+]6(CCCCC6)C)C.[Br-].[Br-],0,NCTR,0.14134551584720612
[Li+],0,NCTR,0.02206835336983204
CC1C(C(CC(O1)OC2C(OC(CC2O)OC3C(OC(CC3O)OC4CCC5(C(C4)CCC6C5CC(C7(C6(CCC7C8=CC(=O)OC8)O)C)O)C)C)C)O)O,0,NCTR,0.32458260655403137
CC12CCC(=O)C=C1CCC3C2(C(CC4(C3CCC4(C(=O)CO)O)C)O)F,0,NCTR,0.22092470526695251
CC(C)(C)NCC(COc1ccccc1C2CCCC2)O,0,NCTR,0.22252580523490906
C1C(C(C(C(C1NC(=O)C(CCN)O)OC2C(C(C(C(O2)CO)O)N)O)O)OC3C(C(C(C(O3)CN)O)O)O)N,0,NCTR,0.4738321602344513
CC(C)NCC(COc1ccc(cc1)CCC(=O)OC)O,0,NCTR,0.5238474607467651
C[N+]1(CCc2cc(c(c(c2C1Cc3cc(c(c(c3)OC)OC)OC)OC)OC)OC)CCCOC(=O)CCC(=O)OCCC[N+]4(CCc5cc(c(c(c5C4Cc6cc(c(c(c6)OC)OC)OC)OC)OC)OC)C.[Cl-].[Cl-],0,NCTR,0.4845065176486969
CCC1(c2cc-3n(c(=O)c2COC1=O)Cc4c3nc5ccc(c(c5c4)CN(C)C)O)O,0,NCTR,0.32700642943382263
Cc1ccc(c(c1)C(CCN(C(C)C)C(C)C)c2ccccc2)O,0,NCTR,0.4357158839702606
CC(C(=O)Nc1c(c(c(c(c1I)C(=O)NC(CO)CO)I)C(=O)NC(CO)CO)I)O,0,NCTR,0.5376473069190979
C1C(C(C(C(C1N)OC2C(C(C(C(O2)CO)O)O)N)OC3C(C(C(O3)CO)OC4C(C(C(C(O4)CN)O)O)N)O)O)N,0,NCTR,0.6353676319122314
C1C2C(C(S1)CCCCC(=O)O)NC(=O)N2,0,NCTR,0.24727262556552887
CN1C2CCC1CC(C2)OC(=O)C(CO)c3ccccc3,0,NCTR,0.3224164545536041
c1cc(c(cc1C(CN)O)O)O,0,NCTR,0.23286235332489014
CCC(C)C1C(=O)NC(C(=O)NC(C(=O)NC(CSSCC(C(=O)NC(C(=O)N1)Cc2ccc(cc2)O)N)C(=O)N3CCCC3C(=O)NC(CC(C)C)C(=O)NCC(=O)N)CC(=O)N)CCC(=O)N,0,NCTR,0.35840892791748047
CC1C2Cc3ccc(cc3C1(CCN2CC=C(C)C)C)O,0,NCTR,0.3009876310825348
CC(=O)OC1C(CC2C1(CCC3C2CCC4C3(CC(C(C4)O)N5CCOCC5)C)C)[N+]6(CCCC6)CC=C,0,NCTR,0.3974963426589966
CC(Cc1ccc(cc1)O)(C(=O)O)N,0,NCTR,0.19611261785030365
CC1=C(C(CCC1)(C)C)C=CC(=CC=CC(=CCO)C)C,0,NCTR,0.10005884617567062
CC(Cc1ccc(cc1)OC)NCC(c2ccc(c(c2)NC=O)O)O,0,NCTR,0.45441168546676636
CC(C)CC1C(=O)NC(C(=O)NC(C(=O)NC(C(=O)NCCC(C(=O)NC(C(=O)NC(C(=O)N1)Cc2ccccc2)CCN)NC(=O)C(CCN)NC(=O)C(C(C)O)NC(=O)C(CCN)NC(=O)O)C(C)O)CCN)CCN,0,NCTR,0.11435867846012115
CCCCCC(C=CC1C(CC(=O)C1CC=CCCCC(=O)O)O)O,0,NCTR,0.325797438621521
C(C(C1C(=C(C(=O)O1)O)O)O)O,0,NCTR,0.6600551605224609
CN(C)CCOc1ccc(cc1)CNC(=O)c2cc(c(c(c2)OC)OC)OC,1,Greene,0.7268989086151123
CCCC1CC(N(C1)C)C(=O)NC(C2C(C(C(C(O2)SC)O)O)O)C(C)Cl,1,Greene,0.5329433083534241
CN(CCCCCCCCCCN(C)C(=O)Oc1cccc(c1)[N+](C)(C)C)C(=O)Oc2cccc(c2)[N+](C)(C)C.[Br-].[Br-],1,Greene,0.16928814351558685
CCC1(CC2CC(c3c(c4ccccc4[nH]3)CCN(C2)C1)(c5cc6c(cc5OC)N(C7C68CCN9C8C(C=CC9)(C(C7(C(=O)OC)O)OC(=O)C)CC)C=O)C(=O)OC)O,1,Greene,0.5229929685592651
CC12CCC3c4ccc(cc4CCC3C1CCC2(C#C)O)O,1,Greene,0.37733781337738037
CC(=O)C1CCC2C1(CCC3C2CCC4=CC(=O)CCC34C)C,1,Greene,0.33469346165657043
CC(=O)OCC1=C(N2C(C(C2=O)NC(=O)Cc3cccs3)SC1)C(=O)O,1,Greene,0.7398642897605896
CC1(C(N2C(S1)C(C2=O)NC(=O)c3c(cccc3OC)OC)C(=O)O)C,1,Greene,0.7186010479927063
Cc1c(c(no1)c2ccccc2Cl)C(=O)NC3C4N(C3=O)C(C(S4)(C)C)C(=O)O,1,Greene,0.8293194770812988
c1c(c(=O)[nH]c(=O)[nH]1)N(CCCl)CCCl,1,Greene,0.687520444393158
c1ccc2c(c1)Nc3ccccc3S2,1,Greene,0.7879160642623901
C=CCO,1,Greene,0.9976207613945007
c1ccc(cc1)Br,1,Greene,0.9991815686225891
CCC1(C(=O)NC(=O)N(C1=O)C)c2ccccc2,1,Greene,0.7343096733093262
COc1ccc2c(c1)c(ccn2)C(C3CC4CCN3CC4C=C)O,1,Greene,0.38090118765830994
CN(C)CCN(Cc1cccs1)c2ccccn2.Cl,1,Greene,0.4278881251811981
CC(=O)CC(c1ccc(cc1)[N+](=O)[O-])c2c(=O)c3ccccc3oc2O,1,Greene,0.7550089359283447
CC(=O)OC1CCC2C3CCC4(C(C3CCC2=C1)CCC4(C#C)OC(=O)C)C,1,Greene,0.3434538245201111
Cc1c(ccc2c1oc(c(c2=O)NC(=O)c3ccc(c(c3)CC=C(C)C)O)O)OC4C(C(C(C(O4)(C)C)OC)OC(=O)N)O,1,Greene,0.6106973886489868
c1nc(nc(=O)n1C2C(C(C(O2)CO)O)O)N,1,Greene,0.46420398354530334
CC(CCC(=O)O)C1CCC2C1(CCC3C2C(CC4C3(CCC(C4)O)C)O)C,1,Greene,0.19800205528736115
c1ccc2c(c1)cccc2N=C=S,1,Greene,0.8621519804000854
COc1cc2c(c3c1c4c(c(=O)o3)C(=O)CC4)C5C=COC5O2,1,Greene,0.4558179974555969
Cc1c(c(no1)c2c(cccc2Cl)Cl)C(=O)NC3C4N(C3=O)C(C(S4)(C)C)C(=O)O,1,Greene,0.5630863308906555
CN1CCC(=C2c3ccccc3CCc4c2nccc4)CC1,1,Greene,0.3367660641670227
C(Cl)(Cl)(Cl)Cl,1,Greene,0.9940669536590576
c1c(c(=O)[nH]c(=O)n1C2CC(C(O2)CO)O)I,1,Greene,0.6048554182052612
CC(=O)Nc1ccc-2c(c1)Cc3c2cccc3,1,Greene,0.9974483251571655
C1C(C(C(C(C1N)OC2C(C(C(C(O2)CO)O)N)O)O)OC3C(CC(C(O3)CN)O)N)N,1,Greene,0.4645395576953888
c1ccc(cc1)c2c(oc(n2)CCC(=O)O)c3ccccc3,1,Greene,0.7911272048950195
c1cc(c(cc1N)O)C(=O)O,1,Greene,0.8736868500709534
CCOc1ccc(cc1)NC(=O)C,1,Greene,0.7457891702651978
CCCCC1C(=O)N(N(C1=O)c2ccccc2)c3ccccc3,1,Greene,0.6168233156204224
CC(C)NC(=O)c1ccc(cc1)CNNC,1,Greene,0.5944256782531738
CN1CCN(CC1)CCCN2c3ccccc3Sc4c2cc(cc4)Cl,1,Greene,0.5125332474708557
Cc1c(c(=O)n2c(n1)CCCC2)CCN3CCC(CC3)c4c5ccc(cc5on4)F,1,Greene,0.7687067985534668
Cc1nnc(s1)NS(=O)(=O)c2ccc(cc2)N,1,Greene,0.817990243434906
c1cc(ccc1N)S(=O)(=O)N,1,Greene,0.48377832770347595
CC(C)(C)NCC(c1cc(cc(c1)O)O)O,1,Greene,0.31597819924354553
Cc1ccc(cc1)S(=O)(=O)NC(=O)NN2CCCCCC2,1,Greene,0.8702679872512817
CC12CCC3c4ccc(cc4CCC3C1CCC2=O)O,1,Greene,0.3356296420097351
CCCCNC(=O)NS(=O)(=O)c1ccc(cc1)C,1,Greene,0.5249338150024414
c1ccn2c(c1)nn(c2=O)CCCN3CCN(CC3)c4cccc(c4)Cl,1,Greene,0.6831218600273132
CN1CCN(CC1)CCCN2c3ccccc3Sc4c2cc(cc4)C(F)(F)F,1,Greene,0.5528482794761658
CC1(C(=O)N(C(=O)O1)C)C,1,Greene,0.8304479718208313
COc1cc(cc(c1OC)OC)Cc2cnc(nc2N)N,1,Greene,0.8841792345046997
CN(C)CCN(Cc1ccccc1)c2ccccn2,1,Greene,0.3100217878818512
c1c(c(=O)[nH]c(=O)n1C2CC(C(O2)CO)O)F,1,Greene,0.7442910075187683
CC(=O)SC1CC2=CC(=O)CCC2(C3C1C4CCC5(C4(CC3)C)CCC(=O)O5)C,1,Greene,0.3689703047275543
CC(C)(C)NCC(COc1c(nsn1)N2CCOCC2)O,1,Greene,0.42410221695899963
CCOC(=O)Nc1ccc2c(c1)N(c3ccccc3S2)C(=O)CCN4CCOCC4,1,Greene,0.5650918483734131
N.N.Cl[Pt+2]Cl,1,Greene,0.025162508711218834
CC1=C(C(CCC1)(C)C)C=CC(=CC=CC(=CC(=O)O)C)C,1,Greene,0.36624839901924133
CC(C)c1c(c(c(c(n1)C(C)C)C=CC(CC(CC(=O)O)O)O)c2ccc(cc2)F)COC,1,Greene,0.8032833933830261
Cn1c(nnn1)SCC2=C(N3C(C(C3=O)NC(=O)C(c4ccccc4)O)SC2)C(=O)O,1,Greene,0.6344737410545349
C1CC(C1)(C(=O)O)C(=O)O.[NH2-].[NH2-].[Pt],1,Greene,0.6265783309936523
CC1(C(N2C(S1)C(C2=O)NC(=O)C(c3ccccc3)NC(=O)N4CCN(C4=O)S(=O)(=O)C)C(=O)O)C,1,Greene,0.7953916788101196
CCN(CC)CCOc1ccc(cc1)C(=C(c2ccccc2)Cl)c3ccccc3,1,Greene,0.6002677083015442
c1[nH]c2c(n1)[nH]c(nc2=S)N,1,Greene,0.8262214064598083
CN1C(=C(Nc2ccccn2)O)C(=O)c3ccccc3S1(=O)=O,1,Greene,0.9801937341690063
CC1c2cccc(c2C(=C3C1C(C4C(C(=O)C(=C(N)O)C(=O)C4(C3=O)O)N(C)C)O)O)O,1,Greene,0.5463817715644836
CN(C)c1ccc(c2c1CC3CC4C(C(=O)C(=C(N)O)C(=O)C4(C(=O)C3=C2O)O)N(C)C)O,1,Greene,0.6690724492073059
C1CCC(CC1)C(CC2CCCCN2)C3CCCCC3.C(=CC(=O)O)C(=O)O,1,Greene,0.4914528727531433
CC1(c2cccc(c2C(=C3C1CC4C(C(=O)C(=C(N)O)C(=O)C4(C3=O)O)N(C)C)O)O)O,1,Greene,0.8010663986206055
Cn1c(nc(=O)c(=O)[nH]1)SCC2=C(N3C(C(C3=O)NC(=O)C(=NOC)c4csc(n4)N)SC2)C(=O)O,1,Greene,0.7445168495178223
c1ccc(cc1)CCC(C(=O)O)NC(CCCCN)C(=O)N2CCCC2C(=O)O,1,Greene,0.6753305196762085
Cc1c(c2c3c4c1OC(C4=O)(OC=CC(C(C(C(C(C(C(C(C=CC=C(C(=O)NC(=C5C3=NC6(N5)CCN(CC6)CC(C)C)C2=O)C)C)O)C)O)C)OC(=O)C)C)OC)C)O,1,Greene,0.43142107129096985
CC(CCCC(C)(C)O)C1CCC2C1(CCCC2=CC=C3CC(CCC3=C)O)C,1,Greene,0.06264325231313705
CCC1C(=O)N(CC(=O)N(C(C(=O)NC(C(=O)N(C(C(=O)NC(C(=O)NC(C(=O)N(C(C(=O)N(C(C(=O)N(C(C(=O)N(C(C(=O)N1)C(C(C)CC=CC)O)C)C(C)C)C)CC(C)C)C)CC(C)C)C)C)C)CC(C)C)C)C(C)C)CC(C)C)C)C,1,Greene,0.530824601650238
CC(CCC(=O)NCCS(=O)(=O)O)C1CCC2C1(CCC3C2C(CC4C3(CCC(C4)O)C)O)C,1,Greene,0.3992803692817688
CCCCC(CC)COC(=O)C=Cc1ccc(cc1)OC,1,Greene,0.5673657655715942
CN(C)C1C2C(C3C(=C)c4cccc(c4C(=C3C(=O)C2(C(=C(C1=O)C(=O)N)O)O)O)O)O,1,Greene,0.8097739815711975
CN(C)C1C2CC3C(c4c(ccc(c4C(=C3C(=O)C2(C(=C(C1=O)C(=O)N)O)O)O)O)Cl)O,1,Greene,0.8731637597084045
COC1(C2N(C1=O)C(=C(CS2)COC(=O)N)C(=O)O)NC(=O)Cc3cccs3,1,Greene,0.6257798075675964
CC1CC(=O)C=C(C12C(=O)c3c(cc(c(c3O2)Cl)OC)OC)OC,1,Greene,0.7046392560005188
CC1CC(C(C(O1)OC2C(CC3(CO3)C(=O)C(C(C(C(OC(=O)C(C(C2C)OC4CC(C(C(O4)C)OC(=O)C)OC)C)C)C)OC(=O)C)C)C)OC(=O)C)N(C)C,1,Greene,0.5856993198394775
CC1=C2C(C(=O)C3(C(CC4C(C3C(C(C2(C)C)(CC1OC(=O)C(C(c5ccccc5)NC(=O)c6ccccc6)O)O)OC(=O)c7ccccc7)(CO4)OC(=O)C)O)C)OC(=O)C,1,Greene,0.8026630282402039
CC1OCC2C(O1)C(C(C(O2)OC3c4cc5c(cc4C(C6C3COC6=O)c7cc(c(c(c7)OC)O)OC)OCO5)O)O,1,Greene,0.5479435324668884
CC1(Cc2cc(c(c(c2C1=O)Cl)Cl)OCC(=O)O)c3ccccc3,1,Greene,0.7521312236785889
CN(C)CCn1c(nnn1)SCC2=C(N3C(C(C3=O)NC(=O)Cc4csc(n4)N)SC2)C(=O)O,1,Greene,0.8253361582756042
CC(CS)C(=O)N1CCCC1C(=O)O,1,Greene,0.5307620167732239
CCOC(=O)C(CCc1ccccc1)NC(C)C(=O)N2Cc3ccccc3CC2C(=O)O,1,Greene,0.5201966166496277
CC1CN(CCN1)c2cc3c(cc2F)c(=O)c(cn3c4ccc(cc4F)F)C(=O)O,1,Greene,0.7374584674835205
CC(C)(C)NC(=O)C1CC2CCCCC2CN1CC(C(Cc3ccccc3)NC(=O)C(CC(=O)N)NC(=O)c4ccc5ccccc5n4)O,1,Greene,0.5026153326034546
C=CCOC=O,1,Greene,0.8238786458969116
CN1c2ccccc2C(c3ccc(cc3S1(=O)=O)Cl)NCCCCCCC(=O)O,1,Greene,0.5389361381530762
Cc1c2c(cc(c1F)N3CCNC(C3)C)n(cc(c2=O)C(=O)O)C4CC4,1,Greene,0.6961953639984131
CCC1C(C(C(C(=O)C(CC(C(C(C(C(C(=O)O1)C)OC2CC(C(C(O2)C)O)(C)OC)C)OC3C(C(CC(O3)C)N(C)C)O)(C)OC)C)C)O)(C)O,1,Greene,0.40051212906837463
CC1(c2c(ccc(c2C(=C3C1CC4C(C(=O)C(=C(C4(C3=O)O)O)C(=O)N)N(C)C)O)O)Cl)O.Cl,1,Greene,0.7728760242462158
c1cc(c(cc1OCC(F)(F)F)C(=O)NCC2CCCCN2)OCC(F)(F)F,1,Greene,0.5652181506156921
c1c(cc(c(c1Sc2cc(cc(c2O)Cl)Cl)O)Cl)Cl,1,Greene,0.412615567445755
CNCCc1ccccn1,1,Greene,0.928285539150238
CC(C)COCC(CN(Cc1ccccc1)c2ccccc2)N3CCCC3,1,Greene,0.10923830419778824
C1CN(P(=O)(OC1)NCCCl)CCCl,1,Greene,0.5193163156509399
CN(C)CCCN1c2ccccc2CCc3c1cccc3,1,Greene,0.12796281278133392
Cn1cnc(c1Sc2c3c(nc[nH]3)ncn2)[N+](=O)[O-],1,Greene,0.6173267960548401
c1cnccc1c2cc(c(=O)[nH]c2)N,1,Greene,0.8220823407173157
Cc1c(c2cc(ccc2n1C(=O)c3ccc(cc3)Cl)OC)CC(=O)O,1,Greene,0.751053512096405
CC(Cc1ccc(cc1)O)NCC(c2cc(cc(c2)O)O)O,1,Greene,0.28073790669441223
CN1CCN(CC1)C2=c3ccccc3=Nc4ccc(cc4N2)Cl,1,Greene,0.4127540588378906
COc1cc(ccc1Nc2c3ccccc3nc4c2cccc4)NS(=O)(=O)C,1,Greene,0.5622148513793945
CCN(CC)Cc1cc(ccc1O)Nc2ccnc3c2ccc(c3)Cl,1,Greene,0.665332555770874
c1ccc(cc1)C(=O)c2ccc3n2CCC3C(=O)O,1,Greene,0.9350795745849609
c1cc(c(c(c1)Cl)NC2=NCCN2)Cl,1,Greene,0.9427772164344788
c1c2c(cc(c1Cl)S(=O)(=O)N)S(=O)(=O)NCN2,1,Greene,0.8341661691665649
CC1(CCCCC1)COc2ccc(cc2)CC3C(=O)NC(=O)S3,1,Greene,0.11929387599229813
CCN(CC)CCNc1ccc(c2c1c(=O)c3ccccc3s2)CO,1,Greene,0.5915489792823792
CC(C)(C(=O)O)Oc1ccc(cc1)C2CC2(Cl)Cl,1,Greene,0.8385369777679443
CC(c1ccc(c(c1)F)c2ccccc2)C(=O)O,1,Greene,0.5022329092025757
CCCNC(=O)NS(=O)(=O)c1ccc(cc1)Cl,1,Greene,0.4399019479751587
CN(C)CCCN1c2ccccc2Sc3c1cc(cc3)Cl,1,Greene,0.8241726160049438
c1ccc(cc1)N2CNC(=O)C23CCN(CC3)CCCC(c4ccc(cc4)F)c5ccc(cc5)F,1,Greene,0.2811691164970398
CC1=C(N2C(C(C2=O)NC(=O)C(c3ccc(cc3)O)N)SC1)C(=O)O,1,Greene,0.7250520586967468
c1cc(oc1C=NN2CCOC2=O)[N+](=O)[O-],1,Greene,0.8853256106376648
c1cc(oc1)CNc2cc(c(cc2C(=O)O)S(=O)(=O)N)Cl,1,Greene,0.8578007221221924
CCOC(=O)C(C)(C)Oc1ccc(cc1)Cl,1,Greene,0.8845952749252319
Cc1ccc(c(c1)OCCCC(C)(C)C(=O)O)C,1,Greene,0.45525357127189636
CCC1(CCC(=O)NC1=O)c2ccccc2,1,Greene,0.526288628578186
c1c(c(c(c(c1Cl)Cl)Cc2c(c(cc(c2Cl)Cl)Cl)O)O)Cl,1,Greene,0.5975820422172546
CCCCNc1cc(cc(c1Oc2ccccc2)S(=O)(=O)N)C(=O)O,1,Greene,0.6862298250198364
CCn1cc(c(=O)c2c1c(c(c(c2)F)N3CCNC(C3)C)F)C(=O)O,1,Greene,0.7392441630363464
Cc1cccc(c1OCC(C)N)C,1,Greene,0.28127560019493103
CC(C)OC(=O)C(C)(C)Oc1ccc(cc1)C(=O)c2ccc(cc2)Cl,1,Greene,0.5772516131401062
CN1CCN2c3ccccc3Cc4ccccc4C2C1,1,Greene,0.5392129421234131
c1ccc(cc1)C2(C(=O)NC(=O)N2)c3ccccc3,1,Greene,0.4953966438770294
CC(C)N(CCC(c1ccccc1)(c2ccccn2)C(=O)N)C(C)C,1,Greene,0.3408738374710083
Cc1ccc2cc3c4ccccc4ccc3c5c2c1CC5,1,Greene,0.6957851052284241
CN1CCC(=C2c3ccccc3C=Cc4c2cccc4)CC1,1,Greene,0.5136246681213379
c1cnc(cn1)C(=O)N,1,Greene,0.7487407922744751
c1cc(c2c(c1NCCNCCO)C(=O)c3c(ccc(c3C2=O)O)O)NCCNCCO,1,Greene,0.6476847529411316
c1cc(ccc1N)S(=O)(=O)c2ccc(cc2)N,1,Greene,0.5801780223846436
CC1=C(C(C(=C(N1)C)C(=O)OCCN(C)Cc2ccccc2)c3cccc(c3)[N+](=O)[O-])C(=O)OC,1,Greene,0.7350919842720032
CC1=C(C(C(=C(N1)C)C(=O)OC)c2ccccc2[N+](=O)[O-])C(=O)OC,1,Greene,0.6554335355758667
CCN(CC)C(=O)N1CCN(CC1)C,1,Greene,0.396506130695343
CC1=C(C(C(=C(N1)C)C(=O)OC(C)C)c2cccc(c2)[N+](=O)[O-])C(=O)OCCOC,1,Greene,0.6191279292106628
c1c(c([nH]c(=O)n1)N)F,1,Greene,0.671637773513794
CCC1(CC(=O)NC1=O)C,1,Greene,0.5977284908294678
CCCCc1nc(c(n1Cc2ccc(cc2)c3ccccc3c4n[nH]nn4)CO)Cl,1,Greene,0.6091256737709045
COC(=O)Nc1[nH]c2cc(ccc2n1)C(=O)c3ccccc3,1,Greene,0.7041509747505188
Cc1ccc(c(c1Cl)Nc2ccccc2C(=O)O)Cl,1,Greene,0.723153293132782
c1c-2c(=O)ncnc2[nH][nH]1,1,Greene,0.9740144610404968
Cc1cccc(c1C)Nc2ccccc2C(=O)O,1,Greene,0.6736764311790466
C1CNP(=O)(OC1)N(CCCl)CCCl,1,Greene,0.7164398431777954
CN1CCCCC1CCN2c3ccccc3Sc4c2cc(cc4)S(=O)C,1,Greene,0.7025394439697266
CCCSc1ccc2c(c1)[nH]c(n2)NC(=O)OC,1,Greene,0.7204858064651489
COC(=O)C(c1ccccc1)C2CCCCN2,1,Greene,0.17667756974697113
CCN(CC)CCNC(=O)c1cc(c(cc1OC)N)Cl,1,Greene,0.44345229864120483
CC(=O)c1ccc(cc1)S(=O)(=O)NC(=O)NC2CCCCC2,1,Greene,0.7050813436508179
Cc1ccccc1N2C(Nc3cc(c(cc3C2=O)S(=O)(=O)N)Cl)C,1,Greene,0.8054049015045166
COc1cc(c(cc1C(=O)NC2CCN(CC2OC)CCCOc3ccc(cc3)F)Cl)N,0,Greene,0.7860591411590576
c1cc(c(c(c1)Cl)SC(CCc2ccc(cc2)Cl)Cn3ccnc3)Cl,0,Greene,0.6832572817802429
Cn1c(nnn1)SCC2=C(N3C(C(C3=O)(NC(=O)C(c4ccc(cc4)O)C(=O)O)OC)OC2)C(=O)O,0,Greene,0.8266869187355042
CCN1CCN(C(=O)C1=O)C(=O)NC(c2ccc(cc2)O)C(=O)NC3C4N(C3=O)C(=C(CS4)CSc5nnnn5C)C(=O)O,0,Greene,0.8139520883560181
CC(C)(C)NCC(c1cc(cc(c1)OC(=O)N(C)C)OC(=O)N(C)C)O,0,Greene,0.5188844203948975
CC(C)C1c2ccc(cc2CCC1(CCN(C)CCCc3[nH]c4ccccc4n3)OC(=O)COC)F,0,Greene,0.5870350003242493
Cn1c(nnn1)SCC2=C(N3C(C(C3=O)(NC(=O)C4SC(=C(C(=O)N)C(=O)O)S4)OC)SC2)C(=O)O,0,Greene,0.8237617611885071
CC(CO)NC(=O)C1CN(C2Cc3c[nH]c4c3c(ccc4)C2=C1)C,0,Greene,0.4881587028503418
c1nc(c2c(n1)n(cn2)C3C(C(C(O3)CO)O)O)N,0,Greene,0.5733569860458374
C1C2CC3CC1CC(C2)(C3)N,0,Greene,0.10349565744400024
Cc1cc(no1)NC(=O)C2=C(c3ccccc3S(=O)(=O)N2C)O,0,Greene,0.738782525062561
C1(C(C(C(C(C1Cl)Cl)Cl)Cl)Cl)Cl,0,Greene,0.2880398631095886
C1(C(C(C(C(C1O)O)O)O)O)O,0,Greene,0.20853783190250397
CC(=O)NCCc1c[nH]c2c1cc(cc2)OC,0,Greene,0.759926974773407
c1cc(ccc1C(=O)O)N,0,Greene,0.6752845644950867
Cc1c(c(c(cn1)COP(=O)(O)O)C=O)O,0,Greene,0.36501672863960266
CC1C(C(=O)N1S(=O)(=O)[O-])NC(=O)C(=NOC(C)(C)C(=O)O)c2csc(n2)[NH3+],0,Greene,0.7354763150215149
C=C1CCC2(C3Cc4ccc(c5c4C2(C1O5)CCN3CC6CC6)O)O,0,Greene,0.5088402032852173
CC1C(=O)NC(C(=O)NC(=CNC(=O)N)C(=O)NC(C(=O)NCC(C(=O)N1)N)C2CCN=C(N2)N)CNC(=O)CC(CCCN)N.C1CN=C(NC1C2C(=O)NCC(C(=O)NC(C(=O)NC(C(=O)NC(=CNC(=O)N)C(=O)N2)CNC(=O)CC(CCCN)N)CO)N)N,0,Greene,0.0772467777132988
Cc1cc(n(c(=O)c1)O)C2CCCCC2,0,Greene,0.5346531271934509
CC(C)C=CCCCCC(=O)NCc1ccc(c(c1)OC)O,0,Greene,0.6545045375823975
COc1ccc(cc1)CCN2CCC(CC2)Nc3nc4ccccc4n3Cc5ccc(cc5)F,0,Greene,0.7229025959968567
CCOC(Cc1ccc(cc1)OCCN2c3ccccc3Oc4c2cccc4)C(=O)O,0,Greene,0.8738467693328857
CC(C)NCC(COc1ccc(cc1)CC(=O)N)O,0,Greene,0.3382353186607361
c1ccc(cc1)C2CC2N,0,Greene,0.20622096955776215
C1C(ON=C1Cl)C(C(=O)O)N,0,Greene,0.48900461196899414
c1cnc(nc1)N2CCN(CC2)CCCCN3C(=O)CC4(CCCC4)CC3=O,0,Greene,0.5983487963676453
CC1CC2C3CCC4=CC(=O)C=CC4(C3(C(CC2(C1(C(=O)CCl)O)C)O)Cl)C,0,Greene,0.1436573565006256
CCN(CC)CCOc1cccc(c1OCCN(CC)CC)OCCN(CC)CC,0,Greene,0.00022034863650333136
CC1C(C(CC(O1)OC2CC(Cc3c2c(c4c(c3O)C(=O)c5ccccc5C4=O)O)(C(=O)C)O)N)O,0,Greene,0.5815780162811279
CC1=C(C(C(=C(N1)C)C(=O)OCC(C)C)c2ccccc2[N+](=O)[O-])C(=O)OC,0,Greene,0.9477953910827637
CC1(C(C1C(=O)OCc2cccc(c2)Oc3ccccc3)C=C(Cl)Cl)C,0,Greene,0.4580533802509308
COC(=O)Nc1[nH]c2cc(ccc2n1)C(=O)c3cccs3,0,Greene,0.7741191387176514
CC12CC3CC(C1)(CC(C3)(C2)N)C,0,Greene,0.11351434141397476
c1ccc(cc1)C(C(=O)NC2C3CCC(=C(N3C2=O)C(=O)O)Cl)N,0,Greene,0.710294783115387
Cc1cc(n(c1C(=O)c2ccc(cc2)Cl)C)CC(=O)O,0,Greene,0.7984479069709778
CC[N+](C)(CC)CCOC(=O)C(c1ccccc1)(C2CCCCC2)O,0,Greene,0.09538163244724274
C1(=O)C(=O)NC(=O)NC1=O,0,Greene,0.8794702291488647
CN1CCC(=C2c3ccccc3CC(=O)c4c2ccs4)CC1,0,Greene,0.7986665964126587
CCC1C(COC1=O)Cc2cncn2C,0,Greene,0.20765653252601624
CC(COc1ccccc1)NC(C)C(c2ccc(cc2)O)O,0,Greene,0.310332328081131
CC12CCN(C1N(c3c2cc(cc3)OC(=O)NC)C)C,0,Greene,0.647235095500946
CC(C)(C)c1ccc(cc1)C(CCCN2CCC(CC2)C(c3ccccc3)(c4ccccc4)O)O,0,Greene,0.24735181033611298
CNS(=O)(=O)Cc1ccc2c(c1)c(c[nH]2)CCN(C)C,0,Greene,0.39797696471214294
CC(C)(C)c1cc(cc(c1O)C(C)(C)C)SC(C)(C)Sc2cc(c(c(c2)C(C)(C)C)O)C(C)(C)C,0,Greene,0.21232455968856812
C(CN)C(O)(P(=O)(O)O)P(=O)(O)O,0,Greene,0.37410876154899597
CN(CC#C)Cc1ccccc1,0,Greene,0.11907194554805756
CC(C(C)(C)C)N=C(NC#N)Nc1ccncc1,0,Greene,0.6727182269096375
CC(C)NCC(COc1cccc2c1cc[nH]2)O,0,Greene,0.11846884340047836
c1ccc2c(c1)CCN3C2CN(CC3=O)C(=O)C4CCCCC4,0,Greene,0.3995663523674011
CC(CN1c2ccccc2Sc3c1cccc3)N(C)C,0,Greene,0.437528133392334
c1ccc(cc1)C(=O)NS(=O)(=O)c2ccc(cc2)N,0,Greene,0.7054052352905273
CCCNCC(COc1ccccc1C(=O)CCc2ccccc2)O,0,Greene,0.6112661361694336
CC(C)c1cccc(c1O)C(C)C,0,Greene,0.2046009600162506
CC(C)NCC(COc1cccc2c1cccc2)O,0,Greene,0.1309315264225006
c1cc(ccc1CSC(Cn2ccnc2)c3ccc(cc3Cl)Cl)Cl,0,Greene,0.4835508465766907
c1cc(c(cc1CC(C(=O)O)N)O)O,0,Greene,0.39661890268325806
CC(C(c1cc(ccc1OC)OC)O)N,0,Greene,0.40365421772003174
C(C1C(C(C(C(O1)OC2C(OC(C(C2O)O)O)CO)O)O)O)O,0,Greene,0.3636278510093689
c1nc(c2c(n1)n(cn2)C3C(C(C(O3)CO)O)O)N.O,0,Greene,0.6932969093322754
Cc1ccccc1C(c2ccccc2)OCCN(C)C,0,Greene,0.09345220029354095
c1cc2c(c(c1)OCC(COc3ccc4c(c3)c(=O)cc(o4)C(=O)O)O)c(=O)cc(o2)C(=O)O,0,Greene,0.6371197700500488
CC(=O)OCC1=C(N2C(C(C2=O)NC(=O)CSc3ccncc3)SC1)C(=O)O,0,Greene,0.8092985153198242
c1nc2c(nc(nc2n1C3CC(C(O3)CO)O)Cl)N,0,Greene,0.6291365027427673
c1cc(ccc1COC(Cn2ccnc2)c3ccc(cc3Cl)Cl)Cl,0,Greene,0.45513230562210083
CC1(C(N2C(S1)C(C2=O)NC(=O)C(c3ccccc3)NC(=O)N4CCNC4=O)C(=O)O)C,0,Greene,0.7109106183052063
CC1=C(N2C(C(C2=O)NC(=O)C(C3=CCC=CC3)N)SC1)C(=O)O,0,Greene,0.7997623682022095
CC(C)(C(=O)O)Oc1ccc(cc1)CCNC(=O)c2ccc(cc2)Cl,0,Greene,0.9036791920661926
CC(C)(C)NCC(COc1cccc2c1CC(C(C2)O)O)O,0,Greene,0.10309883952140808
CC1CC2C3CCC4=CC(=O)C=CC4(C3(C(CC2(C1(C(=O)CO)O)C)O)Cl)C,0,Greene,0.2634370028972626
c1ccc(cc1)CCNN,0,Greene,0.6324650645256042
C1CCC(CC1)(CC(=O)O)CN,0,Greene,0.346339613199234
C(CC(C(=O)O)N)CN=C(N)N,0,Greene,0.4500278830528259
C(C(CO)(CO)N)O,0,Greene,0.3923839032649994
C1C(C2C(O1)C(CO2)O[N+](=O)[O-])O[N+](=O)[O-],0,Greene,0.3589308261871338
CC(C1CCC(C(O1)OC2C(CC(C(C2O)OC3C(C(C(CO3)(C)O)NC)O)N)N)N)NC,0,Greene,0.2884174585342407
CCOC(=O)C1(CCN(CC1)CCc2ccc(cc2)N)c3ccccc3,0,Greene,0.6545910835266113
C(=O)(O)P(=O)(O)O,0,Greene,0.00023918166698422283
C[N+](C)(C)CCOP(=O)([O-])OP(=O)(O)OCC1C(C(C(O1)n2ccc(nc2=O)N)O)O,0,Greene,0.5742786526679993
c1ccc2c(c1)[nH]c(=O)n2C3CCN(CC3)CCCC(c4ccc(cc4)F)c5ccc(cc5)F,0,Greene,0.6800262331962585
CCCOc1ccc2c(c1)[nH]c(n2)NC(=O)OC,1,Xu,0.7850365042686462
CC1C(C(CC(O1)OC2C(C(C(OC2Oc3c4cc5cc3Oc6ccc(cc6Cl)C(C(C(=O)NC(C(=O)NC5C(=O)NC7c8ccc(c(c8)-c9c(cc(cc9O)O)C(NC(=O)C(C(c1ccc(c(c1)Cl)O4)O)NC7=O)C(=O)O)O)CC(=O)N)NC(=O)C(CC(C)C)NC)O)CO)O)O)(C)N)O,1,Xu,0.4703875780105591
C(=CC(=O)O)C(=O)O,1,Xu,0.007924300618469715
CC1C(=O)OC2CCN3C2C(=CC3)COC(=O)C(C1(C)O)(C)O,1,Xu,0.5162938833236694
c1cc(ccc1O)Br,1,Xu,0.681952178478241
CC(C)CC(=O)OC1C(C(C(OC1OC2CC(C3CCC45CC(CCC4C3(C2)C)C(=C)C5O)C(=O)O)CO)OS(=O)(=O)[O-])OS(=O)(=O)[O-].[K+].[K+],1,Xu,0.3782424330711365
CC(CCC(=O)O)C1CCC2C1(CCC3C2CCC4C3(CCC(C4)O)C)C,1,Xu,0.32742181420326233
COC(=O)Nc1[nH]c2ccccc2n1,1,Xu,0.7659216523170471
C(C1C(C(C(C(O1)O)N)O)O)O,1,Xu,0.06089400500059128
CN(C)c1c2c(ncn1)n(cn2)C3C(C(C(O3)CO)NC(=O)C(Cc4ccc(cc4)OC)N)O,1,Xu,0.5630826950073242
[O-][Cr](=O)(=O)O[Cr](=O)(=O)[O-].[K+].[K+],1,Xu,0.05136485770344734
c1cc(ccc1NN=C(C#N)C#N)OC(F)(F)F,1,Xu,0.833446741104126
CCCCC(=O)N(Cc1ccc(cc1)c2ccccc2c3n[nH]nn3)C(C(C)C)C(=O)O,0,Xu,0.547217071056366
Cl[Cd]Cl,0,Xu,0.6722147464752197
CN(C)CCCC1(c2ccc(cc2CO1)C#N)c3ccc(cc3)F,0,Xu,0.5217716693878174
CC(C)(c1ccccc1CCC(c2cccc(c2)C=Cc3ccc4ccc(cc4n3)Cl)SCC5(CC5)CC(=O)O)O,0,Xu,0.21377404034137726
CCC1C(C(C(N(CC(CC(C(C(C(C(C(=O)O1)C)OC2CC(C(C(O2)C)O)(C)OC)C)OC3C(C(CC(O3)C)N(C)C)O)(C)O)C)C)C)O)(C)O,0,Xu,0.37495848536491394
[N+](=O)([O-])[O-].[N+](=O)([O-])[O-].[N+](=O)([O-])[O-].[Ga+3],0,Xu,0.9896993041038513
CCSCCC(C(=O)O)N,0,Xu,0.1998751312494278
CC(=S)N,0,Xu,0.9372934103012085
CCC(C)C(=O)OC1CC(C=C2C1C(C(C=C2)C)CCC3CC(CC(=O)O3)O)C,0,Xu,0.31102418899536133
C(C(C(=O)O)N)OC(=C[N+]#N)[O-],0,Xu,0.3956852853298187
CCC(C)(C)C(=O)OC1CC(C=C2C1C(C(C=C2)C)CCC3CC(CC(=O)O3)O)C,0,Xu,0.13884596526622772
c1cc(ccc1C2CCNCC2COc3ccc4c(c3)OCO4)F,0,Xu,0.7202926278114319
CCCc1nc2c(cc(cc2n1Cc3ccc(cc3)c4ccccc4C(=O)O)c5nc6ccccc6n5C)C,0,Xu,0.8033748269081116
CNC(=C[N+](=O)[O-])NCCSCc1ccc(o1)CN(C)C,0,Xu,0.6087441444396973
CNC1CCC(c2c1cccc2)c3ccc(c(c3)Cl)Cl,0,Xu,0.4549711048603058
c1nc(nn1C2C(C(C(O2)CO)O)O)C(=O)N,0,Xu,0.6171936988830566
CC(C)n1c2ccccc2c(c1C=CC(CC(CC(=O)O)O)O)c3ccc(cc3)F,0,Xu,0.7481263875961304
c1c(nc(s1)N=C(N)N)CSCCC(=NS(=O)(=O)N)N,0,Xu,0.4337048828601837
CNCCC(c1ccccc1)Oc2ccc(cc2)C(F)(F)F,0,Xu,0.8185698986053467
Cc1ccc(cc1)S(=O)(=O)NC(=O)NN2CC3CCCC3C2,0,Xu,0.6796095967292786
CCC1=C(CN(C1=O)C(=O)NCCc2ccc(cc2)S(=O)(=O)NC(=O)NC3CCC(CC3)C)C,0,Xu,0.7936787605285645
CNCCCC12CCC(c3c1cccc3)c4c2cccc4,0,Xu,0.7043395042419434
COc1cc2c(cc1OC)C(=O)C(C2)CC3CCN(CC3)Cc4ccccc4,0,Xu,0.2658453583717346
CNCCCN1c2ccccc2CCc3c1cccc3,0,Xu,0.5614455938339233
c1ccc(cc1)C(c2ccccc2)(c3ccccc3Cl)n4ccnc4,0,Xu,0.5666922926902771
Cc1c(nc[nH]1)CSCCNC(=NC)NC#N,0,Xu,0.9275404214859009
c1ccc2c(c1)N=C(c3cc(ccc3O2)Cl)N4CCNCC4,0,Xu,0.7647753953933716
CN(C)CCC=C1c2ccccc2CCc3c1cccc3,0,Xu,0.49268680810928345
CC12CCC3c4ccc(cc4CCC3C1CCC2O)O,0,Xu,0.295247882604599
CC1CC2C(CCC3(C2CCC3(C(=O)C)O)C)C4(C1=CC(=O)CC4)C,0,Xu,0.41363441944122314
CC(=O)CC(c1ccccc1)c2c(=O)c3ccccc3oc2O,0,Xu,0.691021203994751
CC(=O)NC1CCc2cc(c(c(c2-c3c1cc(=O)c(cc3)OC)OC)OC)OC,0,Xu,0.35194826126098633
CC(C(=O)c1cccc(c1)Cl)NC(C)(C)C,0,Xu,0.24465827643871307
CCc1ccc(nc1)CCOc2ccc(cc2)CC3C(=O)NC(=O)S3,0,Xu,0.798058032989502
CC(Cl)(Cl)Cl,1,Liew,0.9929938912391663
CC1=C(C(C(=C(N1)C#N)C(=O)OC)c2cccc(c2)N(=O)=O)C(=O)OC(C)C,1,Liew,0.8328396081924438
CCOc1ccc2ccccc2c1C(=O)NC3C4N(C3=O)C(C(S4)(C)C)C(=O)O,1,Liew,0.7124348282814026
CC(c1ccc2cc(ccc2c1)OC)C(=O)O,1,Liew,0.7300811409950256
CC(C)C1CCC(CC1)C(=O)NC(Cc2ccccc2)C(=O)O,1,Liew,0.5910351276397705
c1cc2c(cc1F)CCC(O2)C(CNCC(C3CCc4cc(ccc4O3)F)O)O,1,Liew,0.5144109725952148
Cc1c(cccc1O)C(=O)NC(CSc2ccccc2)C(CN3CC4CCCCC4CC3C(=O)NC(C)(C)C)O,1,Liew,0.42413103580474854
CCNC1CC(C(C(C1OC2C(C(C(CO2)(C)O)NC)O)O)OC3C(CC=C(O3)CN)N)N,1,Liew,0.053174104541540146
c1cc(cnc1)C(=O)N,1,Liew,0.8266634345054626
CC1=C(C(C(=C(N1)C)C(=O)OC)c2ccccc2N(=O)=O)C(=O)OC,1,Liew,0.7965074777603149
c1cc(cc(c1)Nc2c(cccn2)C(=O)O)C(F)(F)F,1,Liew,0.6804156303405762
CS(=O)(=O)Nc1ccc(cc1Oc2ccccc2)N(=O)=O,1,Liew,0.9289249181747437
CC(=O)N(C)C,1,Liew,0.5061928033828735
CC1=C(C(C(=C(N1)C)C(=O)OC(C)C)c2cccc(c2)N(=O)=O)C(=O)OCCOC,1,Liew,0.8455679416656494
CN(c1c(cc(cc1N(=O)=O)N(=O)=O)N(=O)=O)N(=O)=O,1,Liew,0.951264500617981
CCOC(=O)C1=C(NC(=C(C1c2cccc(c2)N(=O)=O)C(=O)OC)C)C,1,Liew,0.7551785707473755
c1cc(oc1C=NN2CC(=O)NC2=O)N(=O)=O,1,Liew,0.7900828123092651
CNC(=CN(=O)=O)NCCSCc1csc(n1)CN(C)C,1,Liew,0.8820763826370239
CN(C)N=O,1,Liew,0.6005014777183533
Cc1ccc2c(c1Sc3ccncc3)c(=O)nc([nH]2)N,1,Liew,0.7752270698547363
CN(C)C=O,1,Liew,0.8743392825126648
Cc1c2c(c(c(c1OC)CC=C(C)CCC(=O)O)O)C(=O)OC2,1,Liew,0.7617007493972778
CC12CCC(=O)C=C1CCC3C2CCC4(C3CCC4(C)O)C,1,Liew,0.36596086621284485
CC(=NN=C(N)N)C=NN=C(N)N,1,Liew,0.3427169620990753
CC(C)NCC(COc1ccc(cc1)CCOC)O,1,Liew,0.2283327877521515
CC(C)(C)c1c(=O)n(c(nn1)SC)N,1,Liew,0.40428391098976135
Cc1ncc(n1CCO)N(=O)=O,1,Liew,0.8293090462684631
CCCCCOc1ccc(cc1)c2cc(no2)c3ccc(cc3)C(=O)NC4CC(C(NC(=O)C5C(C(CN5C(=O)C(NC(=O)C(NC(=O)C6CC(CN6C(=O)C(NC4=O)C(C)O)O)C(C(c7ccc(c(c7)OS(=O)(=O)O)O)O)O)C(CC(=O)N)O)C)O)O)O,1,Liew,0.5220038294792175
Cc1c(cc(c(=O)[nH]1)C#N)c2ccncc2,1,Liew,0.5216999053955078
CCCCCCCCCCCCCCCCOP(=O)(O)OCC[N+](C)(C)C,1,Liew,0.23017191886901855
CN1CCN2c3c(cccn3)Cc4ccccc4C2C1,1,Liew,0.4121878743171692
C(C(C(C(C(CBr)O)O)O)O)Br,1,Liew,0.2511295676231384
c1cc(cc(c1)N(=O)=O)N,1,Liew,0.891461193561554
c1ccc(cc1)C(c2ccccc2)S(=O)CC(=O)N,1,Liew,0.7467132210731506
CCOC(=O)C(CCc1ccccc1)NC(C)C(=O)N2Cc3cc(c(cc3CC2C(=O)O)OC)OC,1,Liew,0.6007724404335022
CCCCCCCC(=O)OCC(CO)O,1,Liew,0.18957260251045227
CC(C1C(=O)NC(CSSCC(C(=O)NC(C(=O)NC(C(=O)NC(C(=O)N1)CCCCN)Cc2c[nH]c3c2cccc3)Cc4ccccc4)NC(=O)C(Cc5ccccc5)N)C(=O)NC(CO)C(C)O)O,1,Liew,0.5840963125228882
c1ccc(c(c1)Cl)Cl,1,Liew,0.7986907362937927
Cc1cc2=C(Nc3ccccc3N=c2s1)N4CCN(CC4)C,1,Liew,0.7275738716125488
CCC1(C(=O)NC(=O)NC1=O)c2ccccc2,1,Liew,0.7388221621513367
C(C(Cl)(Cl)Cl)(Cl)Cl,1,Liew,0.9740728139877319
c1cc(ccc1C(=N)N)OCCCCCOc2ccc(cc2)C(=N)N,1,Liew,0.6381669640541077
CN1CCN(CC1)CCCN2c3ccccc3Sc4c2cccc4,1,Liew,0.7451500296592712
c1ccc2c(c1)N(c3cc(ccc3S2)C#N)CCCN4CCC(CC4)O,1,Liew,0.5968178510665894
c1ccc2c(c1)N(c3cc(ccc3S2)Cl)CCCN4CCN(CC4)CCO,1,Liew,0.6060426831245422
c1ccc(cc1)CC(=O)NC(=O)N,1,Liew,0.8059821128845215
c1ccc(cc1)C2C(=O)c3ccccc3C2=O,1,Liew,0.5429936647415161
c1ccc(cc1)O,1,Liew,0.9972471594810486
c1cc(c(cc1NN=C2C=CC(=O)C(=C2)C(=O)O)C(=O)O)O,1,Liew,0.7915006279945374
c1c(cc(c(c1N(=O)=O)O)N(=O)=O)N(=O)=O,1,Liew,0.9246570467948914
CCN1CCN(C(=O)C1=O)C(=O)NC(c2ccccc2)C(=O)NC3C4N(C3=O)C(C(S4)(C)C)C(=O)O,1,Liew,0.7731024026870728
CN(C)S(=O)(=O)c1ccc2c(c1)N(c3ccccc3S2)CCCN4CCC(CC4)CCO,1,Liew,0.481501966714859
CC1C(C(CC(O1)OC2CC(Cc3c2c(c4c(c3O)C(=O)c5cccc(c5C4=O)OC)O)(C(=O)CO)O)N)OC6CCCCO6,1,Liew,0.4696413576602936
c1cc(ccc1c2cn(nc2CC(=O)O)c3ccc(cc3)F)Cl,1,Liew,0.6192504167556763
c1ccc(cc1)Oc2c(cc(cc2S(=O)(=O)N)C(=O)O)N3CCCC3,1,Liew,0.807313084602356
CC(C)(C(C(=O)O)N)S,1,Liew,0.24106405675411224
Cc1cccn2c1ncc(c2=O)c3n[nH]nn3,1,Liew,0.8432770371437073
c1cc(ccc1CCc2c[nH]c3c2c(=O)nc([nH]3)N)C(=O)NC(CCC(=O)O)C(=O)O,1,Liew,0.7587040066719055
CCn1cc(c(=O)c2c1cc(c(c2)F)N3CCN(CC3)C)C(=O)O,1,Liew,0.5888170599937439
Cc1nccn1CC2CCc3c(c4ccccc4n3C)C2=O,1,Liew,0.5506362915039062
c1ccc2c(c1)C=Cc3ccccc3N2CCCN4CCN(CC4)CCO,1,Liew,0.6280103325843811
CCC(CC)OC1C=C(CC(C1NC(=O)C)N)C(=O)OCC,1,Liew,0.2695058286190033
Cc1c(c(no1)c2ccccc2)C(=O)NC3C4N(C3=O)C(C(S4)(C)C)C(=O)O,1,Liew,0.8399038910865784
CC(C)NCC1CCc2cc(c(cc2N1)N(=O)=O)CO,1,Liew,0.6616535782814026
c1ccc(cc1)C2=NC(C(=O)Nc3c2cc(cc3)Cl)O,1,Liew,0.6301160454750061
c1ccc2c(c1)CC(=O)c3ccccc3N2C(=O)N,1,Liew,0.7478135228157043
c1ccc2c(c1)C(C(=O)N2)(c3ccc(cc3)O)c4ccc(cc4)O,1,Liew,0.5946319103240967
c1cc(ccc1Cc2ccc(cc2)N)N,1,Liew,0.26574134826660156
c1cc2c3c(c1)C(=O)N(CC3CCC2)C4CN5CCC4CC5,1,Liew,0.3651660680770874
CC(=O)OC1CC2CCC3C(C2(CC1[N+]4(CCCCC4)C)C)CCC5(C3CC(C5OC(=O)C)[N+]6(CCCCC6)C)C,1,Liew,0.17406071722507477
COc1ccnc(c1OC)CS(=O)c2[nH]c3cc(ccc3n2)OC(F)F,1,Liew,0.5967064499855042
CCC1(C(=O)N(C(=O)O1)C)C,1,Liew,0.5509916543960571
CN(C)c1ccc(cc1)N=Nc2ccccc2,1,Liew,0.7423174381256104
CC1CC2C3CCC(C3(CC(C2C4(C1=CC(=O)C=C4)C)O)C)(C(=O)CO)O,1,Liew,0.24631285667419434
CC#CCC(C)C(C=CC1C(CC2C1CC(=CCCCC(=O)O)C2)O)O,1,Liew,0.07914280146360397
CCOC(=O)C(CCc1ccccc1)NC(C)C(=O)N2C(CN(C2=O)C)C(=O)O,1,Liew,0.7807076573371887
CC(C)Cn1cnc2c1c3ccccc3nc2N,1,Liew,0.9503745436668396
c1ccc2c(c1)CC=C2,1,Liew,0.5318665504455566
c1cc(cc(c1)I)CN=C(N)N,1,Liew,0.21017536520957947
c1c(c(c(c(c1I)NC(=O)CCCCC(=O)Nc2c(cc(c(c2I)C(=O)O)I)I)I)C(=O)O)I,1,Liew,0.5702606439590454
CCCCC1=NC2(CCCC2)C(=O)N1Cc3ccc(cc3)c4ccccc4c5n[nH]nn5,1,Liew,0.6167497038841248
CCc1c2cc(ccc2nc-3c1Cn4c3cc5c(c4=O)COC(=O)C5(CC)O)OC(=O)N6CCC(CC6)N7CCCCC7,1,Liew,0.6192311644554138
CC1(COC(C(C1NC)O)OC2C(CC(C(C2O)OC3C(C(C(C(O3)CN)O)O)O)N)NC(=O)C(CN)O)O,1,Liew,0.5241196751594543
C(C(F)(F)F)(OC(F)F)Cl,1,Liew,0.9090351462364197
CC1=C(C(C(=C(N1)C)C(=O)OC(C)C)c2cccc3c2non3)C(=O)OC,1,Liew,0.654524564743042
CCC(C)C1C(CCC2(O1)CC3CC(O2)CC=C(C(C(C=CC=C4COC5C4(C(C=C(C5O)C)C(=O)O3)O)C)OC6CC(C(C(O6)C)OC7CC(C(C(O7)C)O)OC)OC)C)C,1,Liew,0.5706948637962341
CC1CC=CC=CC(C(CC(C(C(C(CC(=O)O1)OC(=O)C)OC)OC2C(C(C(C(O2)C)OC3CC(C(C(O3)C)OC(=O)CC(C)C)(C)O)N(C)C)O)CC=O)C)O,1,Liew,0.35844382643699646
CCC1CN2CCC1CC2C(c3ccnc4c3cc(cc4)OC)O,1,Liew,0.3285948634147644
CC1C2CCC3(C(C2(CCC1O)C)C(CC4C3(CC(C4=C(CCC=C(C)C)C(=O)O)OC(=O)C)C)O)C,1,Liew,0.36324647068977356
CCOC(=O)c1ccc(cc1)OC(=O)CCCCCN=C(N)N,1,Liew,0.7781340479850769
c1ccc(cc1)C2(CCC(CC2)OP(=O)(O)OCC(CN(CCN(CC(=O)O)CC(=O)O)CC(=O)O)N(CC(=O)O)CC(=O)O)c3ccccc3,1,Liew,0.49926021695137024
CCOc1ccc(cc1)CC(CN(CCN(CC(=O)O)CC(=O)O)CC(=O)O)N(CC(=O)O)CC(=O)O,1,Liew,0.4746153652667999
c1nc2c(n1COC(CO)CO)[nH]c(nc2=O)N,1,Liew,0.6687573790550232
CC1CN(CCN1)c2c(cc3c(c2OC)n(cc(c3=O)C(=O)O)C4CC4)F,1,Liew,0.7372432947158813
COc1cc2c(cc1OCCCN3CCOCC3)c(ncn2)Nc4ccc(c(c4)Cl)F,1,Liew,0.851139485836029
c1cn(c(=O)nc1N)C2C(C(C(O2)CO)O)(F)F,1,Liew,0.5160923600196838
CON=C1CN(CC1CN)c2c(cc3c(=O)c(cn(c3n2)C4CC4)C(=O)O)F,1,Liew,0.7084715962409973
COc1ccc(cc1C(=O)NCCc2ccc(cc2)S(=O)(=O)NC(=O)NC3CCCCC3)Cl,1,Liew,0.7942339777946472
c1cc(c(c(c1)Cl)C=NN=C(N)N)Cl,1,Liew,0.3885444700717926
c1cc(c(c(c1)Cl)CC(=O)N=C(N)N)Cl,1,Liew,0.6455695629119873
CCCCN(CCCC)CCC(c1cc2c(cc(cc2Cl)Cl)c3c1ccc(c3)C(F)(F)F)O,1,Liew,0.2951805591583252
C(C(F)(F)F)(Cl)Br,1,Liew,0.9907538890838623
CC(=O)NC1C(C(C(OC1O)COS(=O)(=O)O)OC2C(C(C(C(O2)C(=O)O)OC3C(C(C(C(O3)CO)OC4C(C(C(C(O4)C(=O)O)O)O)OS(=O)(=O)O)OS(=O)(=O)O)NS(=O)(=O)O)O)OS(=O)(=O)O)O,1,Liew,0.7125124335289001
C1=CC(C2C1C3(C(=C(C2(C3(Cl)Cl)Cl)Cl)Cl)Cl)Cl,1,Liew,0.7899979948997498
CC(C)(CCCC(CC(=O)OC)(C(=O)OC1C2c3cc4c(cc3CCN5C2(CCC5)C=C1OC)OCO4)O)O,1,Liew,0.41183680295944214
c1ccc2c(c1)cnnc2NN,1,Liew,0.8697028756141663
CCC(=O)C(CC(C)N(C)C)(c1ccccc1)c2ccccc2,1,Liew,0.18516676127910614
C(C(Cl)Cl)Cl,1,Liew,0.9907153844833374
Cc1cnc(s1)NC(=C2C(=O)c3ccccc3S(=O)(=O)N2C)O,1,Liew,0.8714840412139893
c1cc(ccc1CC(C(=O)O)N)N(CCCl)CCCl,1,Liew,0.3053736984729767
CC1C2C(C(=O)N2C(=C1SC3CC(NC3)C(=O)N(C)C)C(=O)O)C(C)O,1,Liew,0.712580680847168
c1cc(c(cc1N)C(=O)O)O,1,Liew,0.6529939770698547
Cn1cc2c3c1cccc3C4CC(CN(C4C2)C)CNC(=O)OCc5ccccc5,1,Liew,0.3363461494445801
CN1CCC(C1)CN2c3ccccc3Sc4c2cccc4,1,Liew,0.35582539439201355
CCOC(=O)C1=C(NC(=C(C1c2ccccc2C=CC(=O)OC(C)(C)C)C(=O)OCC)C)C,1,Liew,0.5621145963668823
C1N2CN3CN1CN(C2)C3,1,Liew,0.2693098783493042
CC1=CC(=O)CC2C1(C3CCC4(C(C3CC2)CCC4OC(=O)C)C)C,1,Liew,0.3826954662799835
CCC#CC(C)C1(C(=O)NC(=O)N(C1=O)C)CC=C,1,Liew,0.5451081395149231
CC(=NOC(=O)NC)SC,1,Liew,0.5556105971336365
COc1c2c(ccc(=O)o2)cc3c1occ3,1,Liew,0.6831012964248657
COc1ccc(cc1)C(c2ccc(cc2)OC)C(Cl)(Cl)Cl,1,Liew,0.4802839159965515
COC(C(Cl)Cl)(F)F,1,Liew,0.9888057708740234
CCl,1,Liew,0.9992930889129639
CNc1ccccc1,1,Liew,0.9999570846557617
CC(C)CC(C(C(=O)NO)O)C(=O)NC(C(=O)NC)C(C)(C)C,1,Liew,0.6073275208473206
c1cc(ncc1Cl)C(=O)NCCN,1,Liew,0.8599336743354797
c1cc2c(c(c1)N)CN(C2=O)C3CCC(=O)NC3=O,1,Liew,0.6424572467803955
CCNC(=O)C1CCCN1C(=O)C(CCCN=C(N)N)NC(=O)C(C(C)C)NC(=O)C(C(C)C)NC(=O)C(Cc2ccc(cc2)O)NC(=O)C(CO)NC(=O)C(Cc3c[nH]c4c3cccc4)NC(=O)C(Cc5cnc[nH]5)NC(=O)C6CCC(=O)N6,1,Liew,0.5509005784988403
c1ccc(cc1)C2CN3CCSC3=N2,1,Liew,0.16549715399742126
CCC(C(=O)N)N1CCCC1=O,1,Liew,0.5600810050964355
c1ccc(cc1)C(c2ccc(cc2)Cl)N3CCN(CC3)CCOCC(=O)O,1,Liew,0.6890500783920288
c1cc(cc(c1)Cl)C(c2ccc3c(c2)[nH]cn3)n4ccnc4,1,Liew,0.7429842948913574
CC(=O)NCC1CN(C(=O)O1)c2ccc(c(c2)F)N3CCOCC3,1,Liew,0.6983888745307922
CN(CCCN1c2ccccc2CCc3c1cccc3)CC(=O)c4ccc(cc4)Cl,1,Liew,0.4179695248603821
c1ccc2c(c1)c(nn2Cc3ccc(cc3Cl)Cl)C(=O)O,1,Liew,0.7681275010108948
c1ccc(c(c1)C2=NC(C(=O)Nc3c2cc(cc3)Cl)O)Cl,1,Liew,0.7288910746574402
CN1CCN(CC1)C2=Nc3ccccc3Oc4c2cc(cc4)Cl,1,Liew,0.7712892293930054
Cc1c(c(c(cn1)COP(=O)(O)O)CN(CCN(Cc2c(cnc(c2O)C)COP(=O)(O)O)CC(=O)O)CC(=O)O)O,1,Liew,0.44779303669929504
c1cnc(nc1)N2CCN(CC2)Cc3ccc4c(c3)OCO4,1,Liew,0.5499715209007263
c1cc(oc1C=NN2CCOC2=O)N(=O)=O,1,Liew,0.8856154680252075
CCCC(=O)Nc1ccc(c(c1)C(=O)C)OCC(CNC(C)C)O,1,Liew,0.5621364116668701
CCCCCCOc1c(nsn1)C2=CCCN(C2)C,1,Liew,0.45117780566215515
Cc1cn(c(=O)[nH]c1=O)C2CC(C(O2)CO)N=N#N,1,Liew,0.7035921216011047
c1ccc2c(c1)c(ns2)N3CCN(CC3)CCc4cc5c(cc4Cl)NC(=O)C5,1,Liew,0.668144166469574
CC(CSC(=O)c1ccccc1)C(=O)N2CC(CC2C(=O)O)Sc3ccccc3,1,Liew,0.7752558588981628
Cc1ccc(cc1)c2c(n3cc(ccc3n2)C)CC(=O)N(C)C,1,Liew,0.45610547065734863
CCOCCO,1,Liew,0.9998753070831299
CC1(C(N2C(S1)C(C2=O)N=CN3CCCCCC3)C(=O)O)C,1,Liew,0.6306378841400146
C1C(C(C(C(C1(CO)O)O)O)O)NC(CO)CO,1,Liew,0.0965244397521019
CCCCCOc1ccc(cc1)c2ccc(cc2)c3ccc(cc3)C(=O)NC4CC(C(NC(=O)C5C(C(CN5C(=O)C(NC(=O)C(NC(=O)C6CC(CN6C(=O)C(NC4=O)C(C)O)O)C(C(c7ccc(cc7)O)O)O)C(C)O)C)O)O)O,1,Liew,0.7660855650901794
CC1C(C(=O)N1S(=O)(=O)O)NC(=O)C(=NOC(C)(C)C(=O)O)c2csc(n2)N,1,Liew,0.4170701205730438
C(CCl)NC(=O)N(CCCl)N=O,1,Liew,0.5714015364646912
C[N+]1(CCCC1)CC2=C(N3C(C(C3=O)NC(=O)C(=NOC)c4csc(n4)N)SC2)C(=O)O,1,Liew,0.8125236630439758
Cc1c(scn1)CCCl,1,Liew,0.7315505146980286
CC(c1c(cncn1)F)C(Cn2cncn2)(c3ccc(cc3F)F)O,1,Liew,0.44361212849617004
Cc1nnc2n1-c3ccc(cc3C(=NC2)c4ccccc4Cl)Cl,1,Liew,0.9403990507125854
C(=C(Cl)Cl)Cl,1,Liew,0.9803771376609802
CC(CN1c2ccccc2Sc3c1cccc3)CN(C)C,1,Liew,0.6677947640419006
Cc1c(ccc2c1c(nc(n2)N)N)CNc3cc(c(c(c3)OC)OC)OC,1,Liew,0.7187935709953308
CC(CN1c2ccccc2CCc3c1cccc3)CN(C)C,1,Liew,0.12801167368888855
C=C(Cl)Cl,1,Liew,0.9777454137802124
Cc1c(c(c2c(c1O)C3(C(=CC(=O)C(C3=O)C(=O)C)O2)C)C(=O)C)O,1,Liew,0.5210549235343933
CC(C)C(C(=O)OCCOCn1cnc2c1[nH]c(nc2=O)N)N,1,Liew,0.5407770872116089
CCCc1nc(c2n1[nH]c(nc2=O)c3cc(ccc3OCC)S(=O)(=O)N4CCN(CC4)CC)C,1,Liew,0.7087833285331726
CN(C)CC(c1ccc(cc1)OC)C2(CCCCC2)O,1,Liew,0.30276286602020264
Cc1c2cc3nc(cc4c(c(c([nH]4)cc5nc(cc(c1CCC(=O)OC)[nH]2)C(=C5C)CCC(=O)O)C=C)C)C6=CC=C(C(C36C)C(=O)OC)C(=O)OC,1,Liew,0.47540074586868286
COc1ccc(cc1OC)C(=O)N2CCN(CC2)c3ccc4c(c3)CCC(=O)N4,1,Liew,0.5521898865699768
C=CC(CCC(=O)O)N,1,Liew,0.28306761384010315
CCC1=CC2CC(c3c(c4ccccc4[nH]3)CN(C2)C1)(c5cc6c(cc5OC)N(C7C68CCN9C8C(C=CC9)(C(C7(C(=O)OC)O)OC(=O)C)CC)C)C(=O)OC,1,Liew,0.379366010427475
CCc1cc2c(s1)N(C(=O)CN=C2c3ccccc3Cl)C,1,Liew,0.7073649168014526
Cc1c(cnc2c1c(nc(n2)N)N)Cc3cc(ccc3OC)OC,1,Liew,0.7247027158737183
CCCN1C2CC(C3C1CC4(C2N(c5c4cccc5)C)C3O)C(CC)C=O,1,Liew,0.17920181155204773
CCC(C)C(=O)OC1CC(C=C2C1C(C(C=C2)C)CCC(CC(CC(=O)O)O)O)O,1,Liew,0.4103935658931732
Cc1[nH]c2ccc(cc2c(=O)n1)CN(C)c3ccc(s3)C(=O)NC(CCC(=O)O)C(=O)O,1,Liew,0.597552478313446
CNC(=CN(=O)=O)NCCSCc1ccc(o1)CN(C)C,1,Liew,0.7247194051742554
CS(=O)(=O)c1ccc(cc1)C2=C(C(=O)OC2)c3ccccc3,1,Liew,0.7345588803291321
CC1=C(C(=O)C(=C(C1=O)C)C(CCCCCC(=O)O)c2ccccc2)C,1,Liew,0.7886560559272766
C(OC(C(F)(F)F)C(F)(F)F)F,1,Liew,0.9628612399101257
CC1CCC2CC(C(=CC=CC=CC(CC(C(=O)C(C(C(=CC(C(=O)CC(OC(=O)C3CCCCN3C(=O)C(=O)C1(O2)O)C(C)CC4CCC(C(C4)OC)O)C)C)O)OC)C)C)C)OC,1,Liew,0.5426486730575562
CC1CN(CC(N1)C)c2c(c(c3c(c2F)n(cc(c3=O)C(=O)O)C4CC4)N)F,1,Liew,0.8132637143135071
C1CCC(CC1)C2CC(NC2)C(=O)O,1,Liew,0.43057867884635925
CC(c1ccc(cc1)C(=O)c2cccs2)C(=O)O,1,Liew,0.8666887879371643
C(C(Cl)Cl)(Cl)Cl,1,Liew,0.9990768432617188
CN1CCCCC1CCN2c3ccccc3Sc4c2cc(cc4)SC,1,Liew,0.7673397660255432
CN(C)CCCN1c2ccccc2Sc3c1cc(cc3)C(F)(F)F,1,Liew,0.4290434718132019
CN1C2CCC1CC(C2)OC(=O)c3c[nH]c4c3cccc4,1,Liew,0.2385248988866806
C(C(C(C(C(F)(F)Br)(F)F)(F)F)(F)F)(C(C(C(F)(F)F)(F)F)(F)F)(F)F,1,Liew,0.9512028098106384
CC(=O)CCCCn1c(=O)c2c(ncn2C)n(c1=O)C,1,Liew,0.16260729730129242
Cc1ccc(cc1C)S(=O)(=O)O,1,Liew,0.7824406027793884
CC(=O)Oc1cccc2c1C(=O)c3c(cc(cc3OC(=O)C)C(=O)O)C2=O,1,Liew,0.5805314183235168
C(C(CBr)Br)Cl,1,Liew,1.0
CN(C)CCC=C1c2ccccc2COc3c1cccc3,1,Liew,0.1501975953578949
C(C(C(CON(=O)=O)ON(=O)=O)ON(=O)=O)ON(=O)=O,1,Liew,0.3191641867160797
CCC(=C)C(=O)c1ccc(c(c1Cl)Cl)OCC(=O)O,1,Liew,0.9376741051673889
CC(Cl)Cl,1,Liew,1.0
Cc1c(c(no1)c2c(cccc2Cl)F)C(=O)NC3C4N(C3=O)C(C(S4)(C)C)C(=O)O,1,Liew,0.6679580211639404
C(CC(=O)N)C(C(=O)O)N,1,Liew,0.2926889955997467
Cn1c2ccccc2c(n1)C(=O)NC3CC4CCCC(C3)N4C,1,Liew,0.15775416791439056
CC(C)Cc1ccc(cc1)C(C)C(=O)O,1,Liew,0.30499550700187683
C(I)(I)I,1,Liew,0.9399269223213196
CC1(C(=O)N(C(=O)N1)c2ccc(c(c2)C(F)(F)F)N(=O)=O)C,1,Liew,0.8432958722114563
CC(=O)Oc1ccccc1C(=O)Nc2ncc(s2)N(=O)=O,1,Liew,0.6517025828361511
c1ccc(cc1)C(c2ccccc2)N3CCN(CC3)CCCn4c5ccccc5[nH]c4=O,1,Liew,0.2010101079940796
CC1(c2cccc(c2C(=C3C1C(C4C(C(=O)C(=C(N)O)C(=O)C4(C3=O)O)N(C)C)O)O)O)O,1,Liew,0.5336310863494873
C[n+]1ccc(cc1)c2cc[n+](cc2)C,1,Liew,0.3041841685771942
COc1ccc(cc1OC)C=CC(=O)Nc2ccccc2C(=O)O,1,Liew,0.7868310213088989
Cc1c(cc2cc3c(c(c2c1O)O)C(=O)C(C(C3)C(C(=O)C(C(C)O)O)OC)OC4CC(C(C(O4)C)O)OC5CC(C(C(O5)C)O)OC6CC(C(C(O6)C)O)(C)O)OC7CC(C(C(O7)C)O)OC8CC(C(C(O8)C)O)O,1,Liew,0.6918943524360657
COP(=S)(OC)Oc1cc(c(cc1Cl)Cl)Cl,1,Liew,0.9270853996276855
CCOC(=O)C(CCc1ccccc1)NC(C)C(=O)N2C3CCCC3CC2C(=O)O,1,Liew,0.6678327918052673
c1cc(cc(c1)O)O,1,Liew,0.4628077447414398
Cc1c(c2c3c4c1OC(C4=O)(OC=CC(C(C(C(C(C(C(C(C=CC=C(C(=O)NC(=C2O)C(=CNN5CCN(CC5)C6CCCC6)C3=O)C)C)O)C)O)C)OC(=O)C)C)OC)C)O,1,Liew,0.5248450040817261
CC(C(c1ccc(cc1)O)O)NCCc2ccc(cc2)O,1,Liew,0.4957253038883209
CC(C)c1c(c(nc(n1)N(C)S(=O)(=O)C)c2ccc(cc2)F)C=CC(CC(CC(=O)O)O)O,1,Liew,0.6837751865386963
CC(=O)OCC(=O)NCCCOc1cccc(c1)CN2CCCCC2,1,Liew,0.5875290632247925
CCC1C(C(C(C(=NOCOCCOC)C(CC(C(C(C(C(C(=O)O1)C)OC2CC(C(C(O2)C)O)(C)OC)C)OC3C(C(CC(O3)C)N(C)C)O)(C)O)C)C)O)(C)O,1,Liew,0.6621376872062683
c1ccc(c(c1)C(=O)Oc2ccccc2C(=O)O)O,1,Liew,0.8597434759140015
c1cc2c(csc2c(c1)Cl)COC(Cn3ccnc3)c4ccc(cc4Cl)Cl,1,Liew,0.6528213024139404
CC(C)CC(C1(CCC1)c2ccc(cc2)Cl)N(C)C,1,Liew,0.35410305857658386
CCCc1c2c(c(=O)nc([nH]2)c3cc(ccc3OCC)S(=O)(=O)N4CCN(CC4)C)n(n1)C,1,Liew,0.7172498106956482
CC(Cc1cc2c(c(c1)C(=O)N)N(CC2)CCCO)NCCOc3ccccc3OCC(F)(F)F,1,Liew,0.5023000836372375
CCC1Nc2cc(c(cc2C(=O)N1)S(=O)(=O)N)Cl,1,Liew,0.620318591594696
CN(C)CC1CCCCC1(c2cccc(c2)OC)O,1,Liew,0.10904009640216827
CCC(C(C)O)n1c(=O)n(cn1)c2ccc(cc2)N3CCN(CC3)c4ccc(cc4)OCC5CC(OC5)(Cn6cncn6)c7ccc(cc7F)F,1,Liew,0.7820954322814941
c1ccc(cc1)CCCCOc2ccc(cc2)C(=O)Nc3ccc4c(=O)cc(oc4c3)c5n[nH]nn5,1,Liew,0.376483291387558
COc1cc2c(cc1OC)nc(nc2N)N3CCN(CC3)C(=O)c4ccco4,1,Liew,0.7390058040618896
CCCN(CCC)S(=O)(=O)c1ccc(cc1)C(=O)O,1,Liew,0.9795445799827576
CCN(CC)CCNC(=O)c1ccc(cc1)N,1,Liew,0.47892025113105774
c1cc(ccc1C(=C2C=C(C=CC2=O)F)NCCCC(=O)N)Cl,1,Liew,0.5444681644439697
CN(C)CCCN1c2ccccc2Sc3c1cccc3,1,Liew,0.7556197643280029
CC12CCC3c4ccc(cc4CCC3C1CCC2(C#C)O)OC5CCCC5,1,Liew,0.1924489140510559
CCC(=O)OC(Cc1ccccc1)(c2ccccc2)C(C)CN(C)C,1,Liew,0.28251832723617554
CC(CCl)Cl,1,Liew,0.9997426867485046
c1ccncc1,1,Liew,0.9440302848815918
c1ccc2c(c1)C(=Nc3ccccc3S2)N4CCN(CC4)CCOCCO,1,Liew,0.712719738483429
CCN(CC)CCCC(C)Nc1c2ccc(cc2nc3c1cc(cc3)OC)Cl,1,Liew,0.9175148606300354
c1ccc(cc1)CCCC(=O)O,1,Liew,0.9207038283348083
CNC(=O)c1cc(ccn1)Oc2ccc(cc2)NC(=O)Nc3ccc(c(c3)C(F)(F)F)Cl,1,Liew,0.936845064163208
CC(C)NCC(c1ccc(cc1)NS(=O)(=O)C)O,1,Liew,0.7213060259819031
CC(c1ccc(s1)C(=O)c2ccccc2)C(=O)O,1,Liew,0.8762298226356506
CC12CCC3C(C1CCC2O)CCC4=CC(=O)CCC34C,1,Liew,0.3100476562976837
C(=C(Cl)Cl)(Cl)Cl,1,Liew,0.9738621711730957
c1ccc2c(c1)C(=O)N(C2=O)C3CCC(=O)NC3=O,1,Liew,0.6396979689598083
c1ccc2c(c1)[nH]c(n2)c3cscn3,1,Liew,0.9940245747566223
CCSc1ccc2c(c1)N(c3ccccc3S2)CCCN4CCN(CC4)C,1,Liew,0.5793691873550415
CCCC(C)C1(C(=O)NC(=S)NC1=O)CC,1,Liew,0.6381970643997192
c1ccc(cc1)S,1,Liew,0.7079285979270935
CC(C)(C)NCC(=O)Nc1cc(c2c(c1O)C(=C3C(C2)CC4C(C(=O)C(=C(N)O)C(=O)C4(C3=O)O)N(C)C)O)N(C)C,1,Liew,0.6192329525947571
CC(C(=O)NCC(=O)O)S,1,Liew,0.41809916496276855
CC1CC2C3CCC4=CC(=O)C=CC4(C3=CCC2(C1C(=O)CN5CCN(CC5)c6cc(nc(n6)N7CCCC7)N8CCCC8)C)C,1,Liew,0.39747387170791626
c1cc(c(c2c1nsn2)NC3=NCCN3)Cl,1,Liew,0.9748045206069946
c1ccc(cc1)CC2=NCCN2,1,Liew,0.43971800804138184
CC1(OC2COC3(C(C2O1)OC(O3)(C)C)COS(=O)(=O)N)C,1,Liew,0.6621879935264587
CN(C)CCOc1ccc(cc1)C(=C(CCCl)c2ccccc2)c3ccccc3,1,Liew,0.387184739112854
CN1C(=C(Nc2ccccn2)O)C(=O)c3c(ccs3)S1(=O)=O,1,Liew,0.9093856811523438
CC(C)OC(=O)OCOP(=O)(COC(C)Cn1cnc2c1ncnc2N)OCOC(=O)OC(C)C,1,Liew,0.6447662115097046
COc1cc(cc(c1O)OC)C2c3cc4c(cc3C(C5C2C(=O)OC5)OC6C(C(C7C(O6)COC(O7)c8cccs8)O)O)OCO4,1,Liew,0.557386040687561
c1cc(sc1)C(=O)c2c3cc(ccc3n(c2O)C(=O)N)Cl,1,Liew,0.7110551595687866
CC12CCC3C(C1CCC2(C)O)CCC4C3(Cc5cn[nH]c5C4)C,1,Liew,0.3321954011917114
C=Cc1ccccc1,1,Liew,0.998680055141449
C(C(C(=O)O)S)(C(=O)O)S,1,Liew,0.30650103092193604
C(C1C(C(C(C(O1)OC2(C(C(C(O2)OS(=O)(=O)O)OS(=O)(=O)O)OS(=O)(=O)O)COS(=O)(=O)O)OS(=O)(=O)O)OS(=O)(=O)O)OS(=O)(=O)O)OS(=O)(=O)O,1,Liew,0.5112525820732117
CCn1ccc(nc1=O)NS(=O)(=O)c2ccc(cc2)N,1,Liew,0.5968083739280701
Cc1c(noc1NS(=O)(=O)c2ccc(cc2)N)C,1,Liew,0.7138781547546387
CCN1CCCC1CNC(=O)c2cc(ccc2OC)S(=O)(=O)N,1,Liew,0.7684418559074402
CC1CC(C2C(CC(C(O2)(C(=O)C(=O)N3CCCCC3C(=O)OC(C(C(CC(=O)C(C=C(C1)C)CC=C)O)C)C(=CC4CCC(C(C4)OC)O)C)O)C)OC)OC,1,Liew,0.462723046541214
CC(C)(C)NCC(COc1ccc(cc1)NC(=O)NC2CCCCC2)O,1,Liew,0.28917497396469116
CCC(c1cccc(c1)O)C(C)CN(C)C,1,Liew,0.3541885316371918
CCCCCN=C(N)NNC=C1C=Nc2c1cc(cc2)CO,1,Liew,0.789423406124115
CC1CCC2CC(C(=CC=CC=CC(CC(C(=O)C(C(C(=CC(C(=O)CC(OC(=O)C3CCCCN3C(=O)C(=O)C1(O2)O)C(C)CC4CCC(C(C4)OC)OC(=O)C(C)(CO)CO)C)C)O)OC)C)C)C)OC,1,Liew,0.5575914978981018
c1cc[n+]2c(c1)-c3cccc[n+]3CC2,1,Liew,0.41216030716896057
CC(C)NCC(COc1ccc(cc1)COCCOC(C)C)O,1,Liew,0.32571348547935486
CCNC(C)Cc1cccc(c1)C(F)(F)F,1,Liew,0.10301633924245834
Cc1c(ccnc1CS(=O)c2[nH]c3ccccc3n2)OCC(F)(F)F,1,Liew,0.6416623592376709
CC(CN1CC(=O)NC(=O)C1)N2CC(=O)NC(=O)C2,1,Liew,0.5815689563751221
CCNC(=O)CCCC=CCC1C(CC(C1C=CC(CCc2ccccc2)O)O)O,1,Liew,0.05582582950592041
C(C1C(C(C(C(O1)OCC2C(C(C(C(O2)OCC(C(C(C(C=O)O)O)O)O)O)O)O)O)O)O)O,1,Liew,0.4126916527748108
CN1c2ccc(cc2C(=NCC1=O)c3ccccc3)Cl,1,Liew,0.8022827506065369
Cc1c([nH]c(=O)[nH]1)C(=O)c2ccc(cc2)SC,1,Liew,0.8575499653816223
CCOC(=O)NC1=C(C(=O)C(=C(C1=O)N2CC2)NC(=O)OCC)N3CC3,1,Liew,0.7006996870040894
CC1=NS(=O)(=O)c2cc(ccc2N1)Cl,1,Liew,0.6810094714164734
CC(=O)C(C(=O)Nc1ccccc1)N=Nc2ccc(cc2Cl)c3ccc(c(c3)Cl)N=NC(C(=O)C)C(=O)Nc4ccccc4,1,Liew,0.7774692177772522
CCC(=C(CC)c1ccc(cc1)O)c2ccc(cc2)O,1,Liew,0.4761590361595154
c1cc2c(nc1)C(=C3CCNCC3)c4ccc(cc4CC2)Cl,1,Liew,0.6120670437812805
CN(C)C1C2CC3C(c4c(ccc(c4C(=C3C(=O)C2(C(=O)C(=C(N)O)C1=O)O)O)O)Cl)O,1,Liew,0.8342165350914001
CC(=O)C1(CCC2C1(CCC3C2C=C(C4=CC(=O)C5CC5C34C)Cl)C)O,1,Liew,0.3505874276161194
C(CS)N,1,Liew,0.6090238094329834
Cc1cccc(c1NC(=O)c2cnc(s2)Nc3cc(nc(n3)C)N4CCN(CC4)CCO)Cl,1,Liew,0.8058639168739319
c1c(c(=O)[nH]c(=O)n1C2CC(C(O2)CO)O)Br,1,Liew,0.7471522688865662
c1nc(nc(=O)n1C2CC(C(O2)CO)O)N,1,Liew,0.6437498927116394
Cc1c(c(=O)ccn1C)O,1,Liew,0.29074710607528687
CCOC(=O)C(CCc1ccccc1)NC(C)C(=O)N(CC(=O)O)C2Cc3ccccc3C2,1,Liew,0.7699548006057739
c1ccc(cc1)c2c(c(=O)nc([nH]2)N)Br,1,Liew,0.45734691619873047
CC(C)Nc1cccnc1N2CCN(CC2)C(=O)c3cc4cc(ccc4[nH]3)NS(=O)(=O)C,1,Liew,0.7603610754013062
C(Br)(Br)Br,1,Liew,1.0
C(Cl)(Cl)Br,1,Liew,0.9887879490852356
c1ccc2c(c1)c(nnc2NN)NN,1,Liew,0.773271381855011
CCN1CC(C(C1=O)(c2ccccc2)c3ccccc3)CCN4CCOCC4,1,Liew,0.10758931189775467
c1ccc2c(c1)C(=C(C(=O)C2=O)C3CCC(CC3)c4ccc(cc4)Cl)O,1,Liew,0.597906768321991
CCC(=C(c1ccc(cc1)OCCN(C)C)c2cccc(c2)O)c3ccccc3,1,Liew,0.2321838140487671
CC(C)(C)C(C(=O)NC(Cc1ccccc1)C(CN(Cc2ccc(cc2)c3ccccn3)NC(=O)C(C(C)(C)C)NC(=O)OC)O)NC(=O)OC,1,Liew,0.5635311603546143
CC1CCN(C(C1)C(=O)O)C(=O)C(CCCN=C(N)N)NS(=O)(=O)c2cccc3c2NCC(C3)C,1,Liew,0.8184768557548523
CCC(Cc1cnc2c(n1)c(nc(n2)N)N)c3ccc(cc3)C(=O)NC(CCC(=O)O)C(=O)O,1,Liew,0.9008027911186218
CCN(CC)CCCN(c1ccccc1)C2Cc3ccccc3C2,1,Liew,0.08942665904760361
CC(c1cc(cc(c1)C(F)(F)F)C(F)(F)F)OC2C(N(CCO2)Cc3[nH][nH]c(=O)n3)c4ccc(cc4)F,1,Liew,0.8499492406845093
Cc1ccc(cc1C)n2c(=O)c(c([nH]2)C)NN=C3C=CC=C(C3=O)c4cccc(c4)C(=O)O,1,Liew,0.5601063370704651
CCOCCn1c2ccccc2nc1N3CCCN(CC3)C,1,Liew,0.49518170952796936
CCOC(=O)C(CCc1ccccc1)NC(C)C(=O)N2CCCC2C(=O)O,1,Liew,0.7932089567184448
C(C(OC(F)F)(F)F)(F)Cl,1,Liew,0.9276448488235474
COc1cc2c(cc1OC)nc(nc2N)N3CCN(CC3)C(=O)C4COc5ccccc5O4,1,Liew,0.7598550319671631
CCNc1nc(nc(n1)Cl)NC(C)C,1,Liew,0.6827778220176697
c1ccc(cc1)C2=c3c4c(sc3=NC(=O)CN2)CCCC4,1,Liew,0.8085845112800598
c1cc(cc(c1)N(=O)=O)N(=O)=O,1,Liew,0.7998522520065308
c1ccc(cc1)CC2Nc3cc(c(cc3S(=O)(=O)N2)S(=O)(=O)N)C(F)(F)F,1,Liew,0.6517705917358398
C1COCCO1,1,Liew,0.9635881185531616
c1ccc(cc1)Sc2ccccc2,1,Liew,0.6633634567260742
CCC1C(C2C(C(C(CC(C(C(C(C(C(=O)O1)C)OC3CC(C(C(O3)C)O)(C)OC)C)OC4C(C(CC(O4)C)N(C)C)O)(C)O)C)NC(O2)COCCOC)C)(C)O,1,Liew,0.5095915198326111
c1cc(ccc1C(CC(=O)O)CN)Cl,1,Liew,0.3295450210571289
c1cc(c(cc1Cl)Cl)OCCOS(=O)(=O)O,1,Liew,0.8407074809074402
c1ccc2c(c1)c(c[nH]2)C(=O)OC3CC4CC5CC(C3)N4CC5=O,1,Liew,0.2967664897441864
CC1C2C(C(=O)N2C(=C1SC3CC(NC3)CNS(=O)(=O)N)C(=O)O)C(C)O,1,Liew,0.7035669088363647
Cn1cnc(c1Sc2c3c(nc[nH]3)ncn2)N(=O)=O,1,Liew,0.9199025630950928
C1C(C(=O)NO1)N,1,Liew,0.4591820240020752
c1ccc(c(c1)CC(=O)NC2C3N(C2=O)C(=C(CS3)CSc4nnnn4CC(=O)O)C(=O)O)CN,1,Liew,0.592450737953186
CN=C1CN(C(=c2cc(ccc2=N1)Cl)c3ccccc3)O,1,Liew,0.6677196621894836
C(Cl)(Cl)Cl,1,Liew,1.0
c1ccc(cc1)C(C(=O)NC2C3N(C2=O)C(=C(CS3)CSc4nnnn4CS(=O)(=O)O)C(=O)O)O,1,Liew,0.815855860710144
Cc1c(sc(n1)SCC2=C(N3C(C(C3=O)NC(=O)C(=NOC)c4csc(n4)N)SC2)C(=O)O)CC(=O)O,1,Liew,0.7255516052246094
c1ccc(cc1)CCl,1,Liew,0.9957993626594543
Cn1c(nnn1)SCC2=C(N3C(C(C3=O)(NC(=O)CSCC#N)OC)SC2)C(=O)O,1,Liew,0.8394798040390015
Cn1c(nnn1)SCC2=C(N3C(C(C3=O)NC(=O)C(=NOC)c4csc(n4)N)SC2)C(=O)O,1,Liew,0.8655318021774292
C=CC1=C(N2C(C(C2=O)NC(=O)C(=NOCC(=O)O)c3csc(n3)N)SC1)C(=O)O,1,Liew,0.8204474449157715
Cc1c(scn1)C=CC2=C(N3C(C(C3=O)NC(=O)C(=NOC)c4csc(n4)N)SC2)C(=O)OCOC(=O)C(C)(C)C,1,Liew,0.7955375909805298
C=CC1=C(N2C(C(C2=O)NC(=O)C(=NO)c3csc(n3)N)SC1)C(=O)O,1,Liew,0.6787285208702087
Cc1nnc(s1)SCC2=C(N3C(C(C3=O)NC(=O)Cn4cnnn4)SC2)C(=O)O,1,Liew,0.8191748857498169
CN(C)CCC=C1c2ccccc2Sc3c1cc(cc3)Cl,1,Liew,0.4697626531124115
CC1(c2c(ccc(c2C(=C3C1CC4C(C(=O)C(=C(N)O)C(=O)C4(C3=O)O)N(C)C)O)O)Cl)O,1,Liew,0.5627700090408325
C1(=O)C2(C3(C4(C1(C5(C2(C3(C(C45Cl)(Cl)Cl)Cl)Cl)Cl)Cl)Cl)Cl)Cl,1,Liew,0.6381504535675049
CC(=O)OCC1=C(N2C(C(C2=O)NC(=O)C(=NOC)c3csc(n3)N)SC1)C(=O)O,1,Liew,0.7649422287940979
c1ccc(cc1)C(C(=O)NC2C3N(C2=O)C(=C(CS3)Cl)C(=O)O)N,1,Liew,0.8894685506820679
c1cc(ccc1CSc2ccc(cc2)Cl)Cl,1,Liew,0.5339103937149048
c1c(nc(s1)N)C(=CCC(=O)O)C(=O)NC2C3N(C2=O)C(=CCS3)C(=O)O,1,Liew,0.8728236556053162
CON=C(c1csc(n1)N)C(=O)NC2C3N(C2=O)C(=CCS3)C(=O)O,1,Liew,0.8782244920730591
CON=C(c1ccco1)C(=O)NC2C3N(C2=O)C(=C(CS3)COC(=O)N)C(=O)O,1,Liew,0.8087751865386963
c1ccc(cc1)C(C(=O)NC2C3N(C2=O)C(=C(CS3)C[n+]4ccc(cc4)C(=O)N)C(=O)O)S(=O)(=O)O,1,Liew,0.8453501462936401
CC=CC1=C(N2C(C(C2=O)NC(=O)C(c3ccc(cc3)O)N)SC1)C(=O)O,1,Liew,0.6376802921295166
CC1=C(N2C(C(C2=O)NC(=O)C(c3ccccc3)N)SC1)C(=O)O,1,Liew,0.7764111757278442
CON=C(c1csc(n1)N)C(=O)NC2C3N(C2=O)C(=C(CS3)C[n+]4cccc5c4CCC5)C(=O)O,1,Liew,0.8464717864990234
CC1OC2(CN3CCC2CC3)CS1,1,Liew,0.2974568009376526
c1cc(ccc1CCCC(=O)O)N(CCCl)CCCl,1,Liew,0.2271452099084854
c1cc(ccc1C(C(CO)NC(=O)C(Cl)Cl)O)N(=O)=O,1,Liew,0.352860689163208
CCC(C)CC(C)CCCCCCCCC(=O)NC1CC(C(NC(=O)C2C(CCN2C(=O)C(NC(=O)C(NC(=O)C3CC(CN3C(=O)C(NC1=O)C(C)O)O)C(C(c4ccc(cc4)O)O)O)C(CCN)O)O)NCCN)O,1,Liew,0.4967573285102844
CCOc1nc2cccc(c2n1Cc3ccc(cc3)c4ccccc4c5n[nH]nn5)C(=O)OC(C)OC(=O)OC6CCCCC6,1,Liew,0.6557052135467529
CC1(C2CCC1(C(=O)C2)C)C,1,Liew,0.39782077074050903
COC(=O)C(c1ccccc1Cl)N2CCc3c(ccs3)C2,1,Liew,0.6485545635223389
c1ccc(cc1)C2=NC(C(=O)Nc3c2cc(cc3)Cl)C(=O)O,1,Liew,0.7475457787513733
COCCCCC(=NOCCN)c1ccc(cc1)Cl,1,Liew,0.6903955340385437
CC1=C(C(=O)C(=C(C1=O)OC)OC)CC=C(C)CCC=C(C)CCC=C(C)CCC=C(C)CCC=C(C)CCC=C(C)CCC=C(C)CCC=C(C)CCC=C(C)CCC=C(C)C,1,Liew,0.49976634979248047
Cc1ccc(cc1)O,1,Liew,0.8200407028198242
CN(C)CCC=C1c2ccccc2C=Cc3c1cccc3,1,Liew,0.29174619913101196
c1ccc(c(c1)C2=NCC(=O)Nc3c2cc(cc3)N(=O)=O)Cl,1,Liew,0.8198866844177246
CC1=C(C(C(=C(N1)C)C(=O)OCC=Cc2ccccc2)c3cccc(c3)N(=O)=O)C(=O)OCCOC,1,Liew,0.8313557505607605
C1CCC(=O)NCC1,1,Liew,0.6697551608085632
COc1ccccc1OCCNCC(COc2cccc3c2c4ccccc4[nH]3)O,1,Liew,0.5627931952476501
CC(c1ccc2c3cc(ccc3[nH]c2c1)Cl)C(=O)O,1,Liew,0.7481628656387329
CCn1c2cc3c(cc2c(=O)c(n1)C(=O)O)OCO3,1,Liew,0.7572816014289856
CCCCNC(=O)NS(=O)(=O)c1ccc(cc1)N,1,Liew,0.33264943957328796
CCOC(=O)n1ccn(c1=S)C,1,Liew,0.8261341452598572
CC1(C(N2C(S1)C(C2=O)NC(=O)C(c3ccccc3)C(=O)O)C(=O)O)C,1,Liew,0.8138668537139893
C1C=CCC2C1C(=O)N(C2=O)SC(C(Cl)Cl)(Cl)Cl,1,Liew,0.6457670331001282
c1nc2c(nc(nc2n1C3C(C(C(O3)CO)O)F)Cl)N,1,Liew,0.20943424105644226
CC(C)N=c1cc-2n(c3ccccc3nc2cc1Nc4ccc(cc4)Cl)c5ccc(cc5)Cl,1,Liew,0.7959509491920471
CCn1cc(c(=O)c2c1nc(c(c2)F)N3CCNCC3)C(=O)O,1,Liew,0.4034699499607086
CC(C)(C(=O)O)ON=C(c1csc(n1)N)C(=O)NC2C3N(C2=O)C(=C(CS3)C[n+]4ccccc4)C(=O)O,1,Liew,0.8910371661186218
CCN(CC)CCN1c2ccc(cc2C(=NCC1=O)c3ccccc3F)Cl,1,Liew,0.7974708080291748
CC1=C(c2cc(ccc2C1=Cc3ccc(cc3)S(=O)(=O)C)F)CC(=O)O,1,Liew,0.6527959108352661
c1cc(ccc1C2C(C(=O)N2c3ccc(cc3)F)CCC(c4ccc(cc4)F)O)O,1,Liew,0.40721434354782104
c1ccc2c(c1)CCc3ccccc3C2NCCCCCCC(=O)O,1,Liew,0.7057881355285645
CCC(C=CCl)(C#C)O,1,Liew,0.2982546091079712
CC12CCC(=O)C=C1CCC3C2(C(CC4(C3CCC4(C)O)C)O)F,1,Liew,0.3413141071796417
CC(=O)OCC(CCn1cnc2c1nc(nc2)N)COC(=O)C,1,Liew,0.6358285546302795
c1ccc2c(c1)N(c3cc(ccc3S2)C(F)(F)F)CCCN4CCN(CC4)CCO,1,Liew,0.5237100124359131
CCO,1,Liew,0.9989603757858276
c1nc2c(n1COCCO)[nH]c(nc2=O)N,1,Liew,0.7143023014068604
CCC1(CC(c2c(cc3c(c2O)C(=O)c4c(cccc4O)C3=O)C1C(=O)OC)OC5CC(C(C(O5)C)OC6CC(C(C(O6)C)OC7CCC(=O)C(O7)C)O)N(C)C)O,1,Liew,0.545981228351593
c1cn(c(n1)N(=O)=O)CC(=O)NCCO,1,Liew,0.37738221883773804
CC(=O)c1ccc2c(c1)N(c3ccccc3S2)CCCN4CCN(CC4)CCO,1,Liew,0.4478243589401245
CC12CCC3c4ccc(cc4CCC3C1CCC2O)OC(=O)N(CCCl)CCCl,1,Liew,0.43977588415145874
CC(C)(C#N)O,1,Liew,0.3417876660823822
CN(C)c1nc(nc(n1)N(C)C)N(C)C,1,Liew,0.6361367702484131
CCc1cc(ccn1)C(=S)N,1,Liew,0.8016231060028076
C1CN1,1,Liew,0.621235191822052
C1C2C=CC1C3C2C4(C(=C(C3(C4(Cl)Cl)Cl)Cl)Cl)Cl,1,Liew,0.5166054368019104
CC1CCc2cc(cc3c2n1cc(c3=O)C(=O)O)F,1,Liew,0.44562333822250366
C(CCl)Cl,1,Liew,0.9999861717224121
C(CBr)Br,1,Liew,0.9994888305664062
COC1(C2N(C1=O)C(=C(CO2)CSc3nnnn3CCO)C(=O)O)NC(=O)CSC(F)F,1,Liew,0.8073053359985352
C(CCl)O,1,Liew,0.6021061539649963
CN1CCN(CC1)c2c(cc3c(c2F)n(cc(c3=O)C(=O)O)CCF)F,1,Liew,0.6280983090400696
CCC12CC(=C)C3C(C1CCC2(C#C)O)CCC4=CC(=O)CCC34,1,Liew,0.3063122630119324
CCCl,1,Liew,0.9956173896789551
CN(CCCNC(=O)C1CCCO1)c2nc3cc(c(cc3c(n2)N)OC)OC,1,Liew,0.763790488243103
CCBr,1,Liew,0.9993896484375
C=CCNc1nc(nc(n1)N2CCN(CC2)C(c3ccc(cc3)F)c4ccc(cc4)F)NCC=C,1,Liew,0.5893216729164124
Cc1cc(cc(c1Oc2c(c(nc(n2)Nc3ccc(cc3)C#N)N)Br)C)C#N,1,Liew,0.7041811943054199
CC(CSC(=O)C)C(=O)N1CCCC1C(=O)NC(Cc2ccccc2)C(=O)O,1,Liew,0.4921994209289551
COc1ccc(c(c1)OC)C=C2CCCN=C2c3cccnc3,1,Liew,0.3213139772415161
CC(C)(C)C(=O)OCOP(=O)(COCCn1cnc2c1ncnc2N)OCOC(=O)C(C)(C)C,1,Liew,0.40750283002853394
Cc1c(c2cc(ccc2n1C(=O)c3ccc(cc3)Cl)OC)CC(=O)OCC(=O)O,1,Liew,0.7656313180923462
c1ccc2cc(ccc2c1)O,1,Liew,0.3409743309020996
Cc1nnc2n1-c3ccc(cc3C(=NC2)c4ccccc4)Cl,1,Liew,0.7990062236785889
CC(c1cc(cc(c1)C(F)(F)F)C(F)(F)F)OC2C(N(CCO2)Cc3[nH]n(c(=O)n3)P(=O)(O)O)c4ccc(cc4)F,1,Liew,0.5806748867034912
CN(C)CCN1C(=O)c2cccc3c2c(cc(c3)N)C1=O,1,Liew,0.609050452709198
Cc1c(cc(cc1[N+](=O)[O-])[N+](=O)[O-])[N+](=O)[O-],1,Liew,0.5310354828834534
CC1(C(N2C(S1)C(C2=O)NC(=O)C(c3ccc(cc3)O)N)C(=O)O)C,1,Liew,0.686799943447113
CC12CCC(=O)C=C1CC(C3C24C(O4)CC5(C3CCC56CCC(=O)O6)C)C(=O)OC,1,Liew,0.4282468557357788
c1cc(ccc1C2CNCCc3c2cc(c(c3Cl)O)O)O,1,Liew,0.43902918696403503
CC1C=CC=CC=CC=CC=CC=CC=CC(CC2C(C(CC(O2)(CC(CC(C(CCC(CC(CC(=O)OC(C(C1O)C)C)O)O)O)O)O)O)O)C(=O)O)OC3C(C(C(C(O3)C)O)N)O,1,Liew,0.30057278275489807
CC1(C(N2C(S1)C(C2=O)NC(=O)C(c3ccccc3)N)C(=O)O)C,1,Liew,0.5698285698890686
CC1C(O1)P(=O)(O)O,1,Liew,0.40492376685142517
C(C=CCl)Cl,1,Liew,0.9967196583747864
CC(=Cc1ccccc1)C=C2C(=O)N(C(=S)S2)CC(=O)O,1,Liew,0.8272275924682617
CC1=C(C(CCC1)(C)C)C=CC(=CC=CC(=CC(=O)Nc2ccc(cc2)O)C)C,1,Liew,0.5067744851112366
CC(C)(C#N)c1cc(cc(c1)C(C)(C)C#N)Cn2cncn2,1,Liew,0.1485481560230255
CCC(=O)OC(C(C)C)OP(=O)(CCCCc1ccccc1)CC(=O)N2CC(CC2C(=O)O)C3CCCCC3,1,Liew,0.4513455033302307
CN(C)N,1,Liew,0.9999954700469971
c1ccc(cc1)c2nc(c(s2)CC(=O)O)c3ccc(cc3)Cl,1,Liew,0.6494183540344238
CCN(CC)C(=O)C(=Cc1cc(c(c(c1)O)O)N(=O)=O)C#N,1,Liew,0.7019832134246826
CCOP(=O)(C(C)NC(=O)N(CCCl)N=O)OCC,1,Liew,0.6268389821052551
c1cc(c(cc1[N+](=O)[O-])[N+](=O)[O-])O,1,Liew,0.9191598892211914
CC(C)CN(CC(C(Cc1ccccc1)NC(=O)OC2CCOC2)OP(=O)(O)O)S(=O)(=O)c3ccc(cc3)N,1,Liew,0.7932524085044861
CC(=O)Nc1ccc(cc1)C=NNC(=S)N,1,Liew,0.9098496437072754
COCCOc1cc2c(cc1OCCOC)ncnc2Nc3cccc(c3)C#C,1,Liew,0.08982769399881363
C(CC(=O)O)C(=O)CN,1,Liew,0.21583613753318787
c1ccc(cc1)c2ccc(cc2)C(=O)CCC(=O)O,1,Liew,0.9904369711875916
CC1C2C(C(=O)N2C(=C1SC3CC(NC3)C(=O)Nc4cccc(c4)C(=O)O)C(=O)O)C(C)O,1,Liew,0.6636443138122559
Cc1c[nH]nc1,1,Liew,0.8084653615951538
CC(C)N(=O)=O,1,Liew,0.5678964853286743
COC1C(C(C(C(O1)COS(=O)(=O)O)OC2C(C(C(C(O2)C(=O)O)OC3C(C(C(C(O3)COS(=O)(=O)O)OC4C(C(C(C(O4)C(=O)O)OC5C(C(C(C(O5)COS(=O)(=O)O)O)O)NS(=O)(=O)O)O)O)OS(=O)(=O)O)NS(=O)(=O)O)O)OS(=O)(=O)O)O)NS(=O)(=O)O,1,Liew,0.9259771704673767
Cc1c(nc[nH]1)CN2CCc3c(c4ccccc4n3C)C2=O,0,Liew,0.7147408723831177
CNS(=O)(=O)CCc1ccc2c(c1)c(c[nH]2)C3CCN(CC3)C,0,Liew,0.5232208967208862
CCCCCCCCCc1ccc(cc1)OCCO,0,Liew,0.9579044580459595
c1cc(c(cc1C(F)(F)F)N(=O)=O)C(=O)C2C(=O)CCCC2=O,0,Liew,0.8468003273010254
CC(C)CC1CN2CCc3cc(c(cc3C2CC1=O)OC)OC,0,Liew,0.28274086117744446
c1cc2c(cc1O)C34CCCCC3(C(C2)N(CC4)CC5CCC5)O,0,Liew,0.17246583104133606
CC(CCCC(C)(C)O)C1CCC2C1(CCCC2=CC=C3CC(CC(C3=C)O)O)C,0,Liew,0.33352723717689514
c1ccc2c(c1)CCCC2C3=NCCN3,0,Liew,0.1477237045764923
CC(C)(C)NCC(COc1cccc2c1SCCC2)O,0,Liew,0.0995018407702446
CC(C=CC(C1CC1)O)C2CCC3C2(CCCC3=CC=C4CC(CC(C4=C)O)O)C,0,Liew,0.2996784448623657
CC1=C(C(C(=C(N1)C)C(=O)OCCN(C)Cc2ccccc2)c3cccc(c3)N(=O)=O)C(=O)OC,0,Liew,0.8819613456726074
CC1=C(C(C(=C(N1)C)C(=O)OCC(C)C)c2ccccc2N(=O)=O)C(=O)OC,0,Liew,0.9769878387451172
CCC(=O)N(c1ccccc1)C2(CCN(CC2)CCn3c(=O)n(nn3)CC)COC,0,Liew,0.6725016832351685
CC12CCC3C(C1CCC(=O)O2)CCC4=CC(=O)C=CC34C,0,Liew,0.3649882376194
CN(C)CCc1c[nH]c2c1cc(cc2)CS(=O)(=O)N3CCCC3,0,Liew,0.5791476368904114
CCCCOc1cc(ccc1N)C(=O)OCCN(CC)CC,0,Liew,0.27342599630355835
CC1(C(N2C(S1)C(C2=O)(NC(=O)C(c3ccsc3)C(=O)O)OC)C(=O)O)C,0,Liew,0.7744318842887878
C[N+](C)(C)CCOC(=O)N,0,Liew,0.30831030011177063
CN1c2ccc(cc2C(=NC(C1=O)O)c3ccccc3)Cl,0,Liew,0.771411657333374
CC(=O)NCCCS(=O)(=O)O,0,Liew,0.00023941483232192695
CC(C)N1CCN(CC1)c2ccc(cc2)OCC3COC(O3)(Cn4cncn4)c5ccc(cc5Cl)Cl,0,Liew,0.6732909083366394
c1ccc(cc1)C2c3ccccc3CCN2C(=O)OC4CN5CCC4CC5,0,Liew,0.16401906311511993
CSCCC(C(=O)NCC(=O)NC(Cc1c[nH]c2c1cccc2)C(=O)NC(CCSC)C(=O)NC(CC(=O)O)C(=O)NC(Cc3ccccc3)C(=O)N)NC(=O)C(Cc4ccc(cc4)OS(=O)(=O)O)NC(=O)C(CC(=O)O)N,0,Liew,0.35092639923095703
c1cnc(nc1)[N-]S(=O)(=O)c2ccc(cc2)N,0,Liew,0.7372562289237976
c1c(cc(c(c1I)Oc2cc(c(c(c2)I)O)I)I)CC(C(=O)O)N,0,Liew,0.4977392256259918
CC(C)OC(=O)OC(C)OC(=O)C1=C(CSC2N1C(=O)C2NC(=O)C(=NOC)c3csc(n3)N)COC,0,Liew,0.7385765910148621
c1c2c(cc(c1Cl)S(=O)(=O)N)S(=O)(=O)NC(N2)C(Cl)Cl,0,Liew,0.7931156158447266
CCCC(C)C1(C(=O)NC(=O)NC1=O)CC=C,0,Liew,0.6432395577430725
CC12CCC3C(C1CCC2O)CCC45C3(CC(=C(C4O5)O)C#N)C,0,Liew,0.28780174255371094
CC(C(C1CNc2c(c(=O)nc([nH]2)N)N1)O)O,0,Liew,0.755116879940033
CN1CCc2cc(c3cc2C1Cc4ccc(cc4)Oc5c6c(cc(c5O)OC)CC[N+](C6Cc7ccc(c(c7)O3)O)(C)C)OC,0,Liew,0.5866460204124451
C(CN(CP(=O)(O)O)CP(=O)(O)O)N(CP(=O)(O)O)CP(=O)(O)O,0,Liew,0.46894603967666626
C(=O)(N)N,0,Liew,0.640487015247345
CCC(=O)N(c1ccccc1)C2(CCN(CC2)CCc3cccs3)COC,0,Liew,0.311332106590271
CCCCCC(C)(C=CC1C(CC(C1CC=CCCCC(=O)O)O)O)O,0,Liew,0.2917940616607666
CCCC(C(=O)OCC)NC(C)C(=O)N1C2CCCCC2CC1C(=O)O,0,Liew,0.8077992796897888
CC1CC2C3C(CC4=CC(=O)C=CC4(C3C(CC2(C1(C(=O)CO)O)C)O)C)Cl,0,Liew,0.3763229548931122
CCOCCP(CCOCC)CCP(CCOCC)CCOCC,0,Liew,0.028513683006167412
CCOC(=O)c1ccc(nc1)C#Cc2ccc3c(c2)C(CCS3)(C)C,0,Liew,0.36843636631965637
c1ccc(cc1)C2=NCC(=O)N(c3c2cc(cc3)Cl)CC4CC4,0,Liew,0.6978009343147278
CNC(=O)c1cnn(c1)c2nc(c3c(n2)n(cn3)C4C(C(C(O4)CO)O)O)N,0,Liew,0.6549854278564453
CC(=O)NS(=O)(=O)c1ccc(cc1)N,0,Liew,0.3662773370742798
CC(C)(C)NCC(COc1cccc2c1CCC(=O)N2)O,0,Liew,0.3467307984828949
CCC(=O)N(c1ccccc1)C2(CCN(CC2)CCC(=O)OC)C(=O)OC,0,Liew,0.517102837562561
CCOc1cc(ccc1C(=O)O)CC(=O)NC(CC(C)C)c2ccccc2N3CCCCC3,0,Liew,0.574580192565918
c1cc(cnc1)CC(O)(P(=O)(O)O)P(=O)(O)O,0,Liew,0.3848228454589844
COc1ccc(cc1C23CC4CC(C2)CC(C4)C3)c5ccc6cc(ccc6c5)C(=O)O,0,Liew,0.31199556589126587
CC(C)(C)c1ccc(cc1)CN(C)Cc2cccc3c2cccc3,0,Liew,0.14321914315223694
c1cc(c(cc1Cl)Cl)C(Cn2ccnc2)OCc3ccsc3Cl,0,Liew,0.47614866495132446
c1ccc2c(c1)cccc2CC3=NCCN3,0,Liew,0.5819875001907349
CN1CCCC(CC1)n2c(=O)c3ccccc3c(n2)Cc4ccc(cc4)Cl,0,Liew,0.6898638606071472
CCCCCCCCCCCCCCCCCCCCCCO,0,Liew,0.813529372215271
CCOC(=O)OC(C)OC(=O)C1C(SC2N1C(=O)C2NC(=O)C(c3ccccc3)N)(C)C,0,Liew,0.7151966094970703
c1ccc(cc1)CCCCOCCCCCCNCC(c2ccc(c(c2)CO)O)O,0,Liew,0.21491265296936035
CC(=O)OC1CC2CCC3C(C2(CC1N4CCCCC4)C)CCC5(C3CC(C5OC(=O)C)[N+]6(CCCCC6)C)C,0,Liew,0.3344108760356903
c1cnc2cc3c(cc2n1)C4CC3CNC4,0,Liew,0.4559148848056793
c1cc(ccc1C(=O)NCCC(=O)O)NN=C2C=CC(=O)C(=C2)C(=O)O,0,Liew,0.8645949363708496
CC12CCC3C(C1CCC2C(=O)Nc4cc(ccc4C(F)(F)F)C(F)(F)F)CCC5C3(C=CC(=O)N5)C,0,Liew,0.47446325421333313
c1cc(ccc1C(=O)NCC(=O)O)N,0,Liew,0.5090188384056091
CCCCC(=O)OCC(=O)C1(Cc2c(c(c3c(c2O)C(=O)c4cccc(c4C3=O)OC)O)C(C1)OC5CC(C(C(O5)C)O)NC(=O)C(F)(F)F)O,0,Liew,0.5855720639228821
Cn1c2ccc(cc2nc1CCCC(=O)O)N(CCCl)CCCl,0,Liew,0.6440108418464661
CCC(C)C1C(=O)NC(C(=O)NC(C(=O)NC(CSSCC(C(=O)NC(C(=O)N1)Cc2ccc(cc2)O)N)C(=O)N3CCCC3C(=O)NC(CC(C)C)C(=O)NCC(=O)N)CC(=O)N)C(C)O,0,Liew,0.2843756079673767
CCCCCCCC(=O)CCC1C(CC(C1CC=CCCCC(=O)O)O)O,0,Liew,0.15502828359603882
CCCC(=O)Nc1c(cc(c(c1I)CC(CC)C(=O)O)I)I,0,Liew,0.5014157295227051
Cc1cc(ccc1NN=C2C(=Cc3cc(cc(c3C2=O)N)S(=O)(=O)O)S(=O)(=O)O)c4ccc(c(c4)C)NN=C5C(=Cc6cc(cc(c6C5=O)N)S(=O)(=O)O)S(=O)(=O)O,0,Liew,0.5942777395248413
c1ccc(cc1)C(c2ccccc2)(C(=O)OC3CC4CCC(C3)[N+]45CCCC5)O,0,Liew,0.2985174059867859
CCN(Cc1ccncc1)C(=O)C(CO)c2ccccc2,0,Liew,0.1316951960325241
c1ccc(cc1)C(=O)NC(Cc2ccc(cc2)O)C(=O)Nc3ccc(cc3)C(=O)O,0,Liew,0.8137505650520325
Cc1cc(=O)oc2c1cc3cc(oc3c2C)C,0,Liew,0.11043699830770493
CC1(OC2CC3C4CC(C5=CC(=O)C=CC5(C4C(CC3(C2(O1)C(=O)CO)C)O)C)F)C,0,Liew,0.17331437766551971
C(CCCC(=O)O)CCCC(=O)O,0,Liew,0.30974268913269043
c1cc(ccc1CCCCNCC(c2ccc(c(c2)O)O)O)O,0,Liew,0.14947916567325592
c1cc(c(c(c1)Cl)Cl)N2CCN(CC2)CCCCOc3ccc4c(c3)NC(=O)CC4,0,Liew,0.7862897515296936
CCCC(CCC)C(=O)OC1CC2CCC(C1)[N+]2(C)C,0,Liew,0.3429281711578369
CC(C)NCC(COc1ccc(cc1)CCOCC2CC2)O,0,Liew,0.22381268441677094
c1cc(c(c2c1NC3=NC(=O)CN3C2)Cl)Cl,0,Liew,0.6825607419013977
CN1CCc2cccc-3c2C1Cc4c3c(c(cc4)O)O,0,Liew,0.2615346312522888
COc1ccc(cc1)C(=O)N2CCCC2=O,0,Liew,0.8589572310447693
c1c(cc(c(c1Cl)NC2=NCCN2)Cl)N,0,Liew,0.7453449368476868
CN1CCN(CC1)C(=O)OC2c3c(nccn3)C(=O)N2c4ccc(cn4)Cl,0,Liew,0.7651704549789429
CC(C)CN(CC(C(Cc1ccccc1)NC(=O)OC2CCOC2)O)S(=O)(=O)c3ccc(cc3)N,0,Liew,0.67219477891922
CN(C)CCc1c[nH]c2c1cc(cc2)CC3COC(=O)N3,0,Liew,0.5444327592849731
CC(=O)NC1C(C=C(OC1C(C(CO)O)O)C(=O)O)N=C(N)N,0,Liew,0.5407525897026062
CCN(c1cccc(c1)c2ccnc3n2ncc3C#N)C(=O)C,0,Liew,0.822698175907135
C1C(C(C(C(O1)O)O)O)O,0,Liew,0.16863147914409637
CC(C(=O)O)O,0,Liew,0.46997183561325073
CCC(=O)OC1(C(CC2C1(CC(C3(C2CCC4=CC(=O)C=CC43C)F)O)C)C)C(=O)CCl,0,Liew,0.32927873730659485
c1ccc(cc1)NC(=O)CCCCCCC(=O)NO,0,Liew,0.6490293145179749
CC(C)c1ccc2c(c1)c(=O)c3cc(c(nc3o2)N)C(=O)O,0,Liew,0.798762321472168
CC1(OC2CC3C4CCC5=CC(=O)C=CC5(C4C(CC3(C2(O1)C(=O)CO)C)O)C)C,0,Liew,0.31227946281433105
c1ccc2c(c1)C(=O)OC23c4ccc(cc4Oc5c3ccc(c5)O)O,0,Liew,0.18408755958080292
c1ccc(cc1)CN2C3C[S+]4CCCC4C3N(C2=O)Cc5ccccc5,0,Liew,0.2790873050689697
CCCC1OC2CC3C4CCC5=CC(=O)C=CC5(C4C(CC3(C2(O1)C(=O)CO)C)O)C,0,Liew,0.3358728289604187
CC(C)[N+](C)(CCC(c1ccccc1)(c2ccccc2)C(=O)N)C(C)C,0,Liew,0.1988389790058136
CCCCS(=O)(=O)NC(Cc1ccc(cc1)OCCCCC2CCNCC2)C(=O)O,0,Liew,0.8559979796409607
CC(=O)NC(COC)C(=O)NCc1ccccc1,0,Liew,0.5552087426185608
C[N+]1(C2CC(CC1C3C2O3)OC(=O)C(c4cccs4)(c5cccs5)O)C,0,Liew,0.4947780668735504
CC(C)(C)NCC(COc1cccc2c1CCCC2=O)O,0,Liew,0.13580037653446198
COc1ccc(cc1)C2C(=O)c3ccccc3C2=O,0,Liew,0.9640737175941467
C[N+](C)(C)CC(CC(=O)O)O,0,Liew,0.2079690843820572
c1cc(ccc1SC(P(=O)(O)O)P(=O)(O)O)Cl,0,Liew,0.31169211864471436
CC(C)(C)c1ccc(cc1)CN2CCN(CC2)C(c3ccccc3)c4ccc(cc4)Cl,0,Liew,0.4935702383518219
CCOC(=O)CC(C(=O)OCC)SP(=S)(OC)OC,0,Liew,0.4695415794849396
c1cc(c(c2c1nccn2)Br)NC3=NCCN3,0,Liew,0.6620946526527405
CC1(C(N2C(S1)C(C2=O)NC(=O)C(c3ccsc3)C(=O)O)C(=O)O)C,0,Liew,0.7225325107574463
C[N+]1(C2CC(CC1C3C2O3)OC(=O)C(CO)c4ccccc4)C,0,Liew,0.3919525146484375
CC1CC2=C(CCC(=O)C2)C3C1C4CCC(C4(CC3)C)(C#C)O,0,Liew,0.4191281199455261
CN1C(Nc2cc(c(cc2S1(=O)=O)S(=O)(=O)N)Cl)CCl,0,Liew,0.7756120562553406
Cc1ccsc1C(=CCCN2CCCC(C2)C(=O)O)c3c(ccs3)C,0,Liew,0.556969940662384
c1c([nH]cn1)CC(C(=O)N2CCCC2C(=O)N)NC(=O)C3CCC(=O)N3,0,Liew,0.6260468363761902
CC(C)(C)C(C)(C1CC23CCC1(C4C25CCN(C3Cc6c5c(c(cc6)O)O4)CC7CC7)OC)O,0,Liew,0.08068463951349258
C1CN1P(=S)(N2CC2)N3CC3,0,Liew,0.6450818777084351
CC(C)CC1C(=O)N2CCCC2C3(N1C(=O)C(O3)(C(C)C)NC(=O)C4CN(C5Cc6c7c(cccc7[nH]c6Br)C5=C4)C)O,0,Liew,0.4754232168197632
CC[N+](C)(C)Cc1ccccc1Br,0,Liew,0.3830108344554901
CNC(=NC)NCc1ccccc1,0,Liew,0.7364965081214905
CCN(CC)C(=O)C1CN2CCc3cc(c(cc3C2CC1OC(=O)C)OC)OC,0,Liew,0.5816080570220947
c1c(c(=O)[nH]c(=O)n1C2CC(C(O2)CO)O)C(F)(F)F,0,Liew,0.6990683674812317
c1ccc(cc1)CSCC2=NS(=O)(=O)c3cc(c(cc3N2)Cl)S(=O)(=O)N,0,Liew,0.7465184330940247
C(CNCCNCCN)N,0,Liew,0.049467314034700394
CC[N+](CC)(CC)CCC(c1ccccc1)(C2CCCCC2)O,0,Liew,0.14467452466487885
CC(=O)OCC(=O)C12C(CC3C1(CC(C4(C3CCC5=CC(=O)C=CC54C)F)O)C)OC6(O2)CCCC6,0,Liew,0.4491654634475708
CC1(OC2CC3C4CCC5=CC(=O)CCC5(C4(C(CC3(C2(O1)C(=O)CCl)C)O)F)C)C,0,Liew,0.3689802587032318
CC1=C(C(CCC1)(C)C)C=CC(=CC=CC(=CC=CC=C(C)C=CC=C(C)C=CC2=C(CCCC2(C)C)C)C)C,0,Liew,0.33463582396507263
C[N+](C)(C)CC(=O)O,0,Liew,0.25482669472694397
C[N+](C)(CCCCCC[N+](C)(C)C1c2ccccc2-c3c1cccc3)C4c5ccccc5-c6c4cccc6,0,Liew,0.3087409436702728
CCOC(=O)CCCCCCCCC(C)c1ccccc1I,0,Liew,0.057528406381607056
CCCCCC(CCC1C2Cc3cccc(c3CC2CC1O)OCC(=O)O)O,0,Liew,0.3955041468143463
CC(C)OC(=O)CCCC=CCC1C(CC(C1C=CC(COc2cccc(c2)C(F)(F)F)O)O)O,0,Liew,0.35986238718032837
c1c(c(cc2c1NCNS2(=O)=O)S(=O)(=O)N)C(F)(F)F,0,Liew,0.7205076217651367
CC[N+](CC)(CCNC(=O)C(=O)NCC[N+](CC)(CC)Cc1ccccc1Cl)Cc2ccccc2Cl,0,Liew,0.34473469853401184
CCOC(=O)C(CCc1ccccc1)NC(C)C(=O)N2C3CCCCC3CC2C(=O)O,0,Liew,0.7920103669166565
Cc1cccc(c1)Nc2ccncc2S(=O)(=O)NC(=O)NC(C)C,0,Liew,0.6775333285331726
CC(=O)NCc1c(c(c(c(c1I)NC(=O)C)I)C(=O)O)I,0,Liew,0.40013179183006287
Cc1ccc(cc1)C(=O)Oc2ccc(cc2OC(=O)c3ccc(cc3)C)C(CNC(C)(C)C)O,0,Liew,0.6401068568229675
CC12CCC3c4ccc(cc4CC(C3C1CCC2O)CCCCCCCCCS(=O)CCCC(C(F)(F)F)(F)F)O,0,Liew,0.4444413483142853
c1cc(ccc1CN2CCCNCCNCCCNCC2)CN3CCCNCCNCCCNCC3,0,Liew,0.2115175426006317
CC1Oc2ccc(cc2O1)C(C)(C)C,0,Liew,0.08918801695108414
C(CCl)C(CCCl)N,0,Liew,0.8956973552703857
CC1CC2C3CCC(C3(CC(C2C4(C1=CC(=O)CC4)C)O)C)C(=O)C,0,Liew,0.16965311765670776
CCC(C)(C)C1C(=O)N2CCCC2C3(N1C(=O)C(O3)(C(C)C)NC(=O)C4CC5c6cccc7c6c(c[nH]7)CC5N(C4)C)O,0,Liew,0.5168865919113159
c1ccc2c(c1)c(c[nH]2)CC3C(=O)N4CCCC4C(=O)NC(CSSCCC(=O)NC(C(=O)NCC(=O)NC(C(=O)N3)CC(=O)O)CCCCN=C(N)N)C(=O)N,0,Liew,0.5433527827262878
CCCCc1ncc(n1Cc2ccc(cc2)C(=O)O)C=C(Cc3cccs3)C(=O)O,0,Liew,0.6216585040092468
CCCCCC(C=CC1C(CC2C1CC(=CCCCC(=O)O)O2)O)O,0,Liew,0.30995431542396545
C[N+]1(CCCC(C1)OC(=O)C(c2ccccc2)(c3ccccc3)O)C,0,Liew,0.22630524635314941
CCOC(=O)C1(CCN(CC1)C)c2ccccc2,0,Liew,0.4309293031692505
CC(C)(Cc1ccccc1)NC,0,Liew,0.20635771751403809
Cc1cccc(c1NC(=O)C2CCCCN2C)C,0,Liew,0.23717407882213593
c1ccc2c(c1)Cc3ccccc3N4C2CN=C4N,0,Liew,0.5971588492393494
c1ccc2c(c1)C3=NCCN3C2(c4ccc(cc4)Cl)O,0,Liew,0.5941467881202698
C#CC1(CCCCC1)OC(=O)N,0,Liew,0.8282022476196289
CN1CCC23CCCCC2C1Cc4c3cc(cc4)O,0,Liew,0.2008225917816162
CC(Cc1ccccc1)NC(=O)C(CCCCN)N,0,Liew,0.30777430534362793
c1c(cc(c(c1NC(=O)C(=O)O)Cl)NC(=O)C(=O)O)C#N,0,Liew,0.5918521285057068
c1ccc(cc1)C2=NCc3nncn3-c4c2cc(cc4)Cl,0,Liew,0.7244276404380798
C1CCC(CC1)NC(=O)N(CCCl)N=O,0,Liew,0.5150663256645203
CC12CC(C3C(C1CCC2(C(=O)OCCl)O)CCC4=CC(=O)C=CC34C)O,0,Liew,0.35831281542778015
CCCCC(C1(CCC2C(O1)CC(=O)C2CCCCCCC(=O)O)O)(F)F,0,Liew,0.4972448945045471
c1ccc(cc1)CC2C(=O)NC(C(=O)NC(C(=O)NC(CSSCC(C(=O)NC(C(=O)N2)Cc3ccc(cc3)O)N)C(=O)N4CCCC4C(=O)NC(CCCCN)C(=O)NCC(=O)N)CC(=O)N)CCC(=O)N,0,Liew,0.22642631828784943
c1cc(ccc1CN)S(=O)(=O)N,0,Liew,0.5784833431243896
C(CS(=O)(=O)O)S,0,Liew,0.36055198311805725
CC(C)C(C)C=CC(C)C1CCC2C1(CCCC2=CC=C3CC(CC(C3=C)O)O)C,0,Liew,0.05749103054404259
C[N+]1(CCc2cc(c3cc2C1Cc4ccc(cc4)Oc5c6c(cc(c5OC)OC)CC[N+](C6Cc7ccc(c(c7)O3)OC)(C)C)OC)C,0,Liew,0.5924550890922546
CCCCCc1cc(c2c(c1)OC(C3C2C=C(CC3)C)(C)C)O,0,Liew,0.4706019163131714
CC(=O)Nc1c(c(c(c(c1I)N(C)C(=O)C)I)C(=O)NC2C(C(C(OC2O)CO)O)O)I,0,Liew,0.2836593985557556
CC#CC1(CCC2C1(CC(C3=C4CCC(=O)C=C4CCC23)c5ccc(cc5)N(C)C)C)O,0,Liew,0.3110020160675049
C1C(C(C(C(N1CCO)CO)O)O)O,0,Liew,0.3356904983520508
CCCCN1CC(C(C(C1CO)O)O)O,0,Liew,0.17553594708442688
C[N+]1(CCc2cc(c(c(c2C1Cc3cc(c(c(c3)OC)OC)OC)OC)OC)OC)CCCOC(=O)CCC(=O)OCCC[N+]4(CCc5cc(c(c(c5C4Cc6cc(c(c(c6)OC)OC)OC)OC)OC)OC)C,0,Liew,0.30516210198402405
CCNC1CC(S(=O)(=O)c2c1cc(s2)S(=O)(=O)N)C,0,Liew,0.6630483269691467
Cc1cc(c(c(c1OC(=O)C)C)C)OCC(CNC(C)C)O,0,Liew,0.38223227858543396
CCCCOc1ccc(cc1)C(=O)CCN2CCCCC2,0,Liew,0.5978749394416809
CC(C(c1cccc(c1)O)O)N,0,Liew,0.10401413589715958
CN1CCCC1Cc2c[nH]c3c2cc(cc3)CCS(=O)(=O)c4ccccc4,0,Liew,0.6593127846717834
CC(C[N+](C)(C)C)OC(=O)C,0,Liew,0.29238471388816833
CC[N+](C)(CC)CCOC(=O)C1c2ccccc2Oc3c1cccc3,0,Liew,0.3414650559425354
CC(=O)N=c1n(nc(s1)S(=O)(=O)N)C,0,Liew,0.7083038091659546
COc1ccccc1OCC(COC(=O)N)O,0,Liew,0.3919365108013153
CC(CN1c2ccccc2Sc3c1cc(cc3)OC)CN(C)C,0,Liew,0.4451410472393036
C[N+]1(CCC23c4c5ccc(c4OC2C(=O)CCC3(C1C5)O)O)CC6CC6,0,Liew,0.39274922013282776
C(CC(C(F)F)(C(=O)O)N)CN,0,Liew,0.1481652557849884
C(CN(CC(=O)O)CC(=O)O)N(CC(=O)O)CC(=O)O,0,Liew,0.19499169290065765
CC1(CC(=O)N(C1=O)C)c2ccccc2,0,Liew,0.711433470249176
CCOP(=O)(OCC)SCC[N+](C)(C)C,0,Liew,0.006807427853345871
Cn1c2c(c(=O)n(c1=O)C)n(cn2)CC(CO)O,0,Liew,0.7843661904335022
CC1CN(CCC1(c2ccccc2)C(=O)O)C3CCC(CC3)(C#N)c4ccc(cc4)F,0,Liew,0.43245789408683777
C1CCC2(CC1)OCC(O2)CN=C(N)N,0,Liew,0.5005522966384888
C(CCCN=C(N)N)CCC(=O)NC(C(=O)NCCCCNCCCN)O,0,Liew,0.32771435379981995
c1ccc(cc1)C2=NCC(=O)N(c3c2cc(cc3)Cl)CC(F)(F)F,0,Liew,0.7878831028938293
CCC(=O)OC1(C(CC2C1(CC(C3(C2CC(C4=CC(=O)C=CC43C)F)F)O)C)C)C(=O)CCl,0,Liew,0.4019254148006439
CC1(OC2CC3C4CC(C5=CC(=O)CCC5(C4C(CC3(C2(O1)C(=O)CO)C)O)C)F)C,0,Liew,0.27838069200515747
c1c([nH]cn1)CCN,0,Liew,0.43216073513031006
CN1C2CCC1CC(C2)OC(=O)C(c3ccccc3)O,0,Liew,0.34890568256378174
c1cc(oc1)CNc2c3c(nc[nH]3)ncn2,0,Liew,0.5501145720481873
CC1CC2C3CCC(C3(CC(C2(C4(C1=CC(=O)C=C4)C)F)O)C)(C(=O)C)O,0,Liew,0.19506163895130157
CC(=O)OCC(=O)C12C(CC3C1(CC(C4(C3CC(C5=CC(=O)C=CC54C)F)F)O)C)OC(O2)(C)C,0,Liew,0.35622134804725647
CCN(CCCC(C)Nc1ccnc2c1ccc(c2)Cl)CCO,0,Liew,0.49350377917289734
CC1CC2C3CC(C4=CC(=O)C=CC4(C3(C(CC2(C1(C(=O)SCF)O)C)O)F)C)F,0,Liew,0.36793574690818787
CC(C)CC(C(=O)NC(CCCN=C(N)N)C(=O)N1CCCC1C(=O)NNC(=O)N)NC(=O)C(COC(C)(C)C)NC(=O)C(Cc2ccc(cc2)O)NC(=O)C(CO)NC(=O)C(Cc3c[nH]c4c3cccc4)NC(=O)C(Cc5cnc[nH]5)NC(=O)C6CCC(=O)N6,0,Liew,0.587875247001648
C(CC(=O)O)CO,0,Liew,0.6847122311592102
CC(C)c1cccc(c1OCOP(=O)(O)O)C(C)C,0,Liew,0.2655327320098877
CNC(=O)CN(CCN(CCN(CC(=O)NC)CC(=O)O)CC(=O)O)CC(=O)O,0,Liew,0.2951290011405945
c1ccc(cc1)C2(C(=O)N(C(=O)N2)COP(=O)(O)O)c3ccccc3,0,Liew,0.7230667471885681
CC(CN1CCN(CCN(CCN(CC1)CC(=O)O)CC(=O)O)CC(=O)O)O,0,Liew,0.804425835609436
COCCNC(=O)CN(CCN(CCN(CC(=O)NCCOC)CC(=O)O)CC(=O)O)CC(=O)O,0,Liew,0.6301975846290588
CC[N+](CC)(CC)CCOc1cccc(c1OCC[N+](CC)(CC)CC)OCC[N+](CC)(CC)CC,0,Liew,0.02084875851869583
CC(C)CC(C(=O)NC(CCCN=C(N)N)C(=O)N1CCCC1C(=O)NCC(=O)N)NC(=O)CNC(=O)C(Cc2ccc(cc2)O)NC(=O)C(CO)NC(=O)C(Cc3c[nH]c4c3cccc4)NC(=O)C(Cc5cnc[nH]5)NC(=O)C6CCC(=O)N6,0,Liew,0.28513991832733154
CC12CCC(=O)C(=C1CCC3C2CCC4(C3CCC4=O)C)O,0,Liew,0.2884572446346283
CC1(COC(C(C1NC)O)OC2C(CC(C(C2O)OC3C(CCC(O3)CN)N)N)N)O,0,Liew,0.3199714720249176
CN(C)c1ccc(cc1)C(=C2C=CC(=[N+](C)C)C=C2)c3ccc(cc3)N(C)C,0,Liew,0.6981180906295776
C[N+]1(CCC(C1)OC(=O)C(c2ccccc2)(C3CCCC3)O)C,0,Liew,0.14406563341617584
CC1(OC2CC3C4CC(C5=CC(=O)C=CC5(C4(C(CC3(C2(O1)C(=O)CO)C)O)F)C)F)C,0,Liew,0.03275459259748459
c1ccc(cc1)C=CCN2CCN(CC2)C(c3ccc(cc3)F)c4ccc(cc4)F,0,Liew,0.6218770742416382
CCCN(CC)C(CC)C(=O)Nc1c(cccc1C)C,0,Liew,0.2867158353328705
CCC(C(c1ccc(c(c1)O)O)O)NC(C)C,0,Liew,0.3803570568561554
CC(C)OP(=O)(OC(C)C)F,0,Liew,0.7076367735862732
C1C(C2C(O1)C(CO2)ON(=O)=O)ON(=O)=O,0,Liew,0.7236819267272949
CCOC(=O)C1=C(NC(=C(C1c2cccc(c2Cl)Cl)C(=O)OC)C)C,0,Liew,0.7986828088760376
Cc1nc(cs1)C=C(C)C2CC3C(O3)(CCCC(C(C(C(=O)C(C(CC(=O)N2)O)(C)C)C)O)C)C,0,Liew,0.4214264452457428
CC(=O)N(CC(CO)O)c1c(c(c(c(c1I)C(=O)NCC(CO)O)I)C(=O)NCCO)I,0,Liew,0.259196013212204
CC(C)C1C(=O)NC(CSSCC(C(=O)NC(C(=O)NC(C(=O)NC(C(=O)N1)CCCCN)Cc2c[nH]c3c2cccc3)Cc4ccc(cc4)O)NC(=O)C(Cc5ccc6ccccc6c5)N)C(=O)NC(C(C)O)C(=O)N,0,Liew,0.6093427538871765
CC(C)OC(=O)CCCC=CCC1C(CC(C1CCC(CCc2ccccc2)O)O)O,0,Liew,0.35154902935028076
CCOC(=O)c1cncn1C(C)c2ccccc2,0,Liew,0.015836620703339577
CN(C)C=Nc1c(cc(c(c1I)CCC(=O)O)I)I,0,Liew,0.5408514142036438
C(CO)N(c1c(c(c(c(c1I)C(=O)NCC(CO)O)I)C(=O)NCC(CO)O)I)C(=O)CO,0,Liew,0.5818096995353699
CC1CC2C3CC(C4=CC(=O)C=CC4(C3(C(CC2(C1(C(=O)CO)O)C)O)F)C)F,0,Liew,0.3586949408054352
CC1(c2c3ccccc3ccc2[N+](=C1C=CC=CC=CC=C4C(c5c6ccccc6ccc5N4CCCCS(=O)(=O)O)(C)C)CCCCS(=O)(=O)O)C,0,Liew,0.6072362065315247
CN(CC(CO)O)C(=O)c1c(c(c(c(c1I)NC(=O)C(CO)CO)I)C(=O)N(C)CC(CO)O)I,0,Liew,0.6471012234687805
CN(c1c(c(c(c(c1I)C(=O)NC(CO)C(CO)O)I)C(=O)NC(CO)C(CO)O)I)C(=O)CC(=O)N(C)c2c(c(c(c(c2I)C(=O)NC(CO)C(CO)O)I)C(=O)NC(CO)C(CO)O)I,0,Liew,0.6224345564842224
CC(CN(c1c(cc(c(c1I)N)I)I)C(=O)C)C(=O)O,0,Liew,0.5159838795661926
CC(C)C(=O)Oc1ccc(cc1C(CCN(C(C)C)C(C)C)c2ccccc2)CO,0,Liew,0.36190253496170044
CC(=O)N(CC(CO)O)c1c(c(c(c(c1I)C(=O)NCC(CO)O)I)C(=O)NCC(CO)O)I,0,Liew,0.5051781535148621
CCC(Cc1c(cc(c(c1I)N)I)I)C(=O)O,0,Liew,0.4186434745788574
CCC(=O)OC1CC(=O)OC(CC=CC=CC(C(CC(C(C1OC)OC2C(C(C(C(O2)C)OC3CC(C(C(O3)C)OC(=O)CC)(C)OC(=O)C)N(C)C)O)CC=O)C)OC(=O)C)C,0,Liew,0.4599247872829437
c1cc(c(c(c1)F)Cn2cc(nn2)C(=O)N)F,0,Liew,0.6599211096763611
CNC1CCc2c(c3cc(ccc3[nH]2)C(=O)N)C1,0,Liew,0.5301203727722168
COc1cc(cc(c1OC)OC)C2c3cc4c(cc3C(C5C2C(=O)OC5)O)OCO4,0,Liew,0.4625146985054016
CCC(C)CCCCC(=O)NC(CCN)C(=O)NC(C(C)O)C(=O)NC(CCN)C(=O)NC1CCNC(=O)C(NC(=O)C(NC(=O)C(NC(=O)C(NC(=O)C(NC(=O)C(NC1=O)CCN)Cc2ccccc2)CC(C)C)CCN)CCN)C(C)O,0,Liew,0.5031105875968933
C=Cc1ccccc1S(=O)(=O)O,0,Liew,0.8662676811218262
CN1C(Nc2cc(c(cc2S1(=O)=O)S(=O)(=O)N)Cl)CSCC(F)(F)F,0,Liew,0.7460564374923706
C[N+]12CCC(CC1)C(C2)OC(=O)C(c3ccccc3)(c4ccccc4)O,0,Liew,0.3545113205909729
CN1C=CC=CC1=CN=O,0,Liew,0.9882473349571228
CCCC(=O)OCOC(=O)C1=C(NC(=C(C1c2cccc(c2Cl)Cl)C(=O)OC)C)C,0,Liew,0.8028175234794617
CCC(=O)OCC(=O)C1(CCC2C1(CC(C3C2CCC4=CC(=O)C=CC34C)O)C)OC(=O)OCC,0,Liew,0.6257423162460327
CCCNC(C)C(=O)Nc1ccccc1C,0,Liew,0.5406486988067627
CCN(CC)CCOC(=O)c1ccc(cc1)N,0,Liew,0.40411078929901123
CC(c1cccc2c1cccc2)NCCCc3cccc(c3)C(F)(F)F,0,Liew,0.7107470631599426
CC1CC2C3CC(C4=CC(=O)C=CC4(C3(C(CC2(C1C(=O)CO)C)O)Cl)C)F,0,Liew,0.07858925312757492
CC(C)(C)NCC(c1ccc(c(n1)CO)O)O,0,Liew,0.2502429187297821
C1CN(CCN1C(=O)CCBr)C(=O)CCBr,0,Liew,0.9705398678779602
CC1C(OCCN1)c2ccccc2,0,Liew,0.0830012634396553
CC1(C(N2C(S1)C(C2=O)NC(=O)C3(CCCCC3)N)C(=O)O)C,0,Liew,0.6700152158737183
Cc1cc2c(cc1C)n(cn2)C3C(C(C(O3)CO)OP(=O)(O)OC(C)CNC(=O)CCC4(C(C5=NC4=C(C6=NC(=CC7=NC(=C(C8=NC5(C(C8CCC(=O)N)(C)CC(=O)N)C)C)C(C7CCC(=O)N)(C)CC(=O)N)C(C6CCC(=O)N)(C)C)C)CC(=O)N)C)O,0,Liew,0.5824158787727356
CCN(c1ccccc1C)C(=O)C=CC,0,Liew,0.11583894491195679
c1cc2c(c(c1)OCC(COc3cccc4c3c(=O)cc(o4)C(=O)O)O)c(=O)cc(o2)C(=O)O,0,Liew,0.7350045442581177
Cc1[nH]c2c(n1)-c3ccccc3N(CC2)C(=O)c4ccc(cc4)NC(=O)c5ccccc5c6ccccc6,0,Liew,0.8376798629760742
C1CNCCN1,0,Liew,0.9061198234558105
CCC(c1ccccc1)c2c(=O)c3ccccc3oc2O,0,Liew,0.6069241166114807
CCC1C=C(CC(CC(C2C(CC(C(O2)(C(=O)C(=O)N3CCCCC3C(=O)OC(C(C(CC1=O)O)C)C(=CC4CCC(C(C4)OC)Cl)C)O)C)OC)OC)C)C,0,Liew,0.5018052458763123
CC(=O)OC1CC2CCC3C(C2(CC1N4CC[N+](CC4)(C)C)C)CCC5(C3CC(C5OC(=O)C)N6CC[N+](CC6)(C)C)C,0,Liew,0.32889726758003235
c1cn(c(=O)nc1N)CC(CO)OCP(=O)(O)O,0,Liew,0.4888867437839508
CC(C)C(=O)OCC(=O)C12C(CC3C1(CC(C4C3CCC5=CC(=O)C=CC45C)O)C)OC(O2)C6CCCCC6,0,Liew,0.11050348728895187
CCC(=O)OC1C(CC2C1(CCC3C2CCC4C3(CC(C(C4)OC(=O)C)N5CCCCC5)C)C)[N+]6(CCCCC6)CC=C,0,Liew,0.27924951910972595
C#CCNC1CCc2c1cccc2,0,Liew,0.45867130160331726
COc1ccc2c(c1)[nH]c3c2CCN4C3CC5C(C4)CC(C(C5C(=O)OC)OC)OC(=O)C=Cc6cc(c(c(c6)OC)OC)OC,0,Liew,0.5850934982299805
COc1ccc2c(c1)[nH]c3c2CCN4C3CC5C(C4)CC(C(C5C(=O)OC)OC)OC(=O)c6cc(c(c(c6)OC)OC)OC,0,Liew,0.120228111743927
CC1CCC23CCC(=O)C2C1(C(CC(C(C3C)O)(C)C=C)OC(=O)CSC4CC5CCC(C4)N5C)C,0,Liew,0.24389804899692535
CCCCC(C(=O)NC(CC(=O)O)C(=O)NC(Cc1ccccc1)C(=O)N)NC(=O)C(Cc2c[nH]c3c2cccc3)NC(=O)CNC(=O)C(C(C)O)NC(=O)C(Cc4ccc(cc4)OS(=O)(=O)O)N,0,Liew,0.5070343017578125
CCC(=O)C1(C(CC2C1(CC(C3C2CCC4=CC(=O)C=CC34C)O)C)C)C,0,Liew,0.21810592710971832
CCC(=O)NCCC1CCc2c1c3c(cc2)OCC3,0,Liew,0.5434814691543579
CCN(C)C(=O)Oc1cccc(c1)C(C)N(C)C,0,Liew,0.37166446447372437
CN(C)CCc1c[nH]c2c1cc(cc2)Cn3cncn3,0,Liew,0.1336578130722046
CCCN(CCC)CCc1cccc2c1CC(=O)N2,0,Liew,0.330492228269577
CCCN1CCCCC1C(=O)Nc2c(cccc2C)C,0,Liew,0.45050641894340515
CCCN(CCc1cccs1)C2CCc3c(cccc3O)C2,0,Liew,0.3002602756023407
Cc1cccc(c1NC(=O)CN2CCN(CC2)CC(COc3ccccc3OC)O)C,0,Liew,0.29997095465660095
CC(C)(C(=O)NCCS(=O)(=O)O)Oc1ccc(cc1)C(=O)c2ccc(cc2)Cl,0,Liew,0.8021838068962097
c1cc(ccc1OCC(CO)O)Cl,0,Liew,0.4100194275379181
CC(C)[N+](C)(CCOC(=O)C1c2ccccc2Oc3c1cccc3)C(C)C,0,Liew,0.28639504313468933
CCCOc1ccc(cc1N)C(=O)OCCN(CC)CC,0,Liew,0.43436238169670105
CCC(=O)c1ccc2c(c1)N(c3ccccc3S2)CC(C)N(C)C,0,Liew,0.5188389420509338
c1ccc2c(c1)C(=O)NC2(c3ccc(c(c3)S(=O)(=O)N)Cl)O,0,Liew,0.7414118647575378
CCCOC(=O)Cn1cc(c(=O)c(c1)I)I,0,Liew,0.6144657731056213
c1cc2c(cc(c(c2nc1)O)Cl)Cl,0,Liew,0.688079833984375
CCN(CC)CCOC(=O)c1ccc(cc1Cl)N,0,Liew,0.9138236045837402
Cc1cc(c(n1c2ccccc2)C)C=Cc3ccc4cc(ccc4[n+]3C)N(C)C,0,Liew,0.4288378059864044
c1ccc(c(c1)C2=NCC(=S)N(c3c2cc(cc3)Cl)CC(F)(F)F)F,0,Liew,0.8665937185287476
COc1ccc(cc1)C(=C(c2ccc(cc2)OC)Cl)c3ccc(cc3)OC,0,Liew,0.6646808981895447
CCN(CC)CCCC(C)Nc1ccnc2c1ccc(c2)Cl,0,Liew,0.6489405632019043
CCCN1CC(CC2C1Cc3c[nH]c4c3c2ccc4)CSC,0,Liew,0.2215447574853897
CCCC(C)C1(C(=O)NC(=O)NC1=O)CC,0,Liew,0.7778949737548828
CCN(CC)C(C)C(=O)c1ccccc1,0,Liew,0.23973311483860016
CC1C(C(CC(O1)OC2C(OC(CC2O)OC3C(OC(CC3O)OC4CCC5(C(C4)CCC6C5CCC7(C6(CCC7C8=CC(=O)OC8)O)C)C)C)C)O)O,0,Liew,0.23666232824325562
CCCC(=O)OC1(CCC2C1(CC(C3(C2CC(C4=CC(=O)C=CC43C)F)F)O)C)C(=O)COC(=O)C,0,Liew,0.5237869024276733
CCCc1c2c(cc3c1oc(cc3=O)C(=O)O)c(=O)cc(n2CC)C(=O)O,0,Liew,0.7667238712310791
c1ccc(cc1)C(=O)c2cccc(c2N)CC(=O)N,0,Liew,0.8392266035079956
c1cc(c(cc1N(=O)=O)Cl)NC(=O)c2cc(ccc2O)Cl,0,Liew,0.8598017692565918
CN1CCCC1c2cccnc2,0,Liew,0.23875752091407776
CC=C(c1ccc(cc1)O)C(=CC)c2ccc(cc2)O,0,Liew,0.7206597328186035
c1ccc2c(c1)c(=O)c(c(o2)O)Cc3c(=O)c4ccccc4oc3O,0,Liew,0.5630728602409363
CCCCOc1cc(c2ccccc2n1)C(=O)NCCN(CC)CC,0,Liew,0.5748669505119324
C=CCN1CCC23c4c5ccc(c4OC2C(=O)CCC3(C1C5)O)O,0,Liew,0.14905522763729095
c1cc(c2c3c1CC4C5(C3(CCN4CC6CCC6)C(O2)C(CC5)O)O)O,0,Liew,0.3534221053123474
C(C(CON(=O)=O)ON(=O)=O)ON(=O)=O,0,Liew,0.9343080520629883
c1cc(cc(c1)Nc2c(cccn2)C(=O)OCCN3CCOCC3)C(F)(F)F,0,Liew,0.7914406657218933
C[N+]1(CCc2cc(c(cc2C1Cc3cc(c(c(c3)OC)OC)OC)OC)OC)CCCOC(=O)CCC=CCCC(=O)OCCC[N+]4(CCc5cc(c(cc5C4Cc6cc(c(c(c6)OC)OC)OC)OC)OC)C,0,Liew,0.39547064900398254
c1ccc(cc1)COc2ccc(cc2)O,0,Liew,0.9133588075637817
CC(C)(C)C(=O)Oc1ccc(cc1OC(=O)C(C)(C)C)C(CNC)O,0,Liew,0.43450456857681274
c1ccc(cc1)C(CCCN2CCCCC2)(c3ccccc3)O,0,Liew,0.12777003645896912
CN(CC=Cc1ccccc1)Cc2cccc3c2cccc3,0,Liew,0.005077940411865711
CC(C1C(O1)CC2COC(C(C2O)O)CC(=CC(=O)OCCCCCCCCC(=O)O)C)C(C)O,0,Liew,0.6259101629257202
CCCCCC(C=CC1C(CC(C1CC=CCCCC(=O)O)O)O)O,0,Liew,0.0349053256213665
CCCCCCC(C)(C)c1cc(c2c(c1)OC(C3C2CC(=O)CC3)(C)C)O,0,Liew,0.10578223317861557
c1cc(oc1C=NNC(=O)N)N(=O)=O,0,Liew,0.5444340109825134
CC(C)COC(=O)NCCC(=O)NC(Cc1c[nH]c2c1cccc2)C(=O)NC(CCSC)C(=O)NC(CC(=O)O)C(=O)NC(Cc3ccccc3)C(=O)N,0,Liew,0.5378066897392273
CC(C=CC(C)C(C)(C)O)C1CCC2C1(CCCC2=CC=C3CC(CC(C3)O)O)C,0,Liew,0.320444792509079
CN1CCCN=C1COC(=O)C(c2ccccc2)(C3CCCCC3)O,0,Liew,0.43992799520492554
c1ccc(cc1)C(c2ccccc2)(C3CCN(C3)CCc4ccc5c(c4)CCO5)C(=O)N,0,Liew,0.41455549001693726
Cc1ccccc1N2CCN(CC2)CCc3nnc4n3CCCC4,0,Liew,0.7392652630805969
COCCOC(=O)NCCCCC(C(=O)NCCCCCOP(=O)(C)O)NC(=O)OCCOC,0,Liew,0.45861271023750305
c1c2c(cc(c1Cl)S(=O)(=O)N)S(=O)(=O)NC(N2)C3CC4CC3C=C4,0,Liew,0.7414060235023499
c1nc2c(n1CCC(CO)CO)[nH]c(nc2=O)N,0,Liew,0.7960225343704224
c1cc(ccc1C(CCCN2CCC(CC2)(c3ccc(c(c3)C(F)(F)F)Cl)O)c4ccc(cc4)F)F,0,Liew,0.4240182042121887
CN(C)CCOC(=O)C(c1ccccc1)C2(CCCC2)O,0,Liew,0.4695352613925934
Cc1cc(c(c(c1CC2=NCCN2)C)O)C(C)(C)C,0,Liew,0.1580466479063034
CC12CCCCCC(C1N)Cc3c2cc(cc3)O,0,Liew,0.7049691677093506
CN(C)CCC=C1c2ccccc2COc3c1cc(cc3)CC(=O)O,0,Liew,0.6108930110931396
C(C1C(C(C(C(O1)O)O)O)O)O,0,Liew,0.0925983116030693
CC1C=CC=CCCC=CC=CC=CC=CC(CC2C(C(CC(O2)(CC(C(CCC(CC(CC(CC(=O)OC(C(C1O)C)C)O)O)O)O)O)O)O)C(=O)O)OC3C(C(C(C(O3)C)O)N)O,0,Liew,0.452869176864624
Cc1cccc(c1C)C(C)c2cnc[nH]2,0,Liew,0.09152134507894516
CN(C)CC(c1ccc(cc1)O)C2(CCCCC2)O,0,Liew,0.2129850685596466
CC(C)NCC(COc1ccccc1OCC=C)O,0,Liew,0.29911214113235474
CC1CC2C3CCC4=CC(=O)C=CC4(C3(C(CC2(C1C(=O)CO)C)O)F)C,0,Liew,0.18133971095085144
c1ccc(cc1)CC2C(=O)NC(C(=O)NC(C(=O)NC(CSSCCC(=O)NC(C(=O)N2)Cc3ccc(cc3)O)C(=O)N4CCCC4C(=O)NC(CCCN=C(N)N)C(=O)NCC(=O)N)CC(=O)N)CCC(=O)N,0,Liew,0.6571778059005737
CC1C(C(CC(O1)OC2CCC3(C(C2)CCC4C3CC(C5(C4(CCC5C6=CC(=O)OC6)O)C)O)C)O)OC7CC(C(C(O7)C)OC8CC(C(C(O8)C)OC9C(C(C(C(O9)CO)O)O)O)O)O,0,Liew,0.40252313017845154
COc1cc(cc(c1OC)OC)C(=O)OC2CC3CN4CCc5c6ccccc6[nH]c5C4CC3C(C2OC)C(=O)OC,0,Liew,0.639750599861145
CN(CCCCCCCCCCN(C)C(=O)Oc1cccc(c1)[N+](C)(C)C)C(=O)Oc2cccc(c2)[N+](C)(C)C,0,Liew,0.29144665598869324
c1cc(c(cc1Cl)Cl)CON=C(Cn2ccnc2)c3ccc(cc3Cl)Cl,0,Liew,0.4906710684299469
